cell_id,score,true_label,predicted,annotation,sample
4_11,1.9347794,1,1,05B-MNP_activated_inf,HS5_UC_R_0
13_11,1.2264435,0,0,05-MNP,HS5_UC_R_0
15_11,2.682032,1,1,05B-MNP_activated_inf,HS5_UC_R_0
16_11,1.2148781,0,0,05-MNP,HS5_UC_R_0
21_11,1.6803255,1,1,05B-MNP_activated_inf,HS5_UC_R_0
29_11,1.2643174,0,0,05-MNP,HS5_UC_R_0
30_11,1.2788352,0,0,05-MNP,HS5_UC_R_0
33_11,1.6994697,0,1,05-MNP,HS5_UC_R_0
37_11,1.2235688,0,0,05-MNP,HS5_UC_R_0
41_11,1.3995821,0,0,05-MNP,HS5_UC_R_0
55_11,1.3029245,1,0,05B-MNP_activated_inf,HS5_UC_R_0
61_11,0.7579514,0,0,05-MNP,HS5_UC_R_0
62_11,2.1118448,1,1,05B-MNP_activated_inf,HS5_UC_R_0
81_11,1.4069326,1,0,05B-MNP_activated_inf,HS5_UC_R_0
95_11,0.69842786,0,0,05-MNP,HS5_UC_R_0
96_11,0.6570162,0,0,05-MNP,HS5_UC_R_0
113_11,1.3066722,1,0,05B-MNP_activated_inf,HS5_UC_R_0
118_11,1.2840049,0,0,05-MNP,HS5_UC_R_0
136_11,1.8100097,0,1,05-MNP,HS5_UC_R_0
142_11,2.827841,1,1,05B-MNP_activated_inf,HS5_UC_R_0
145_11,1.2943277,0,0,05-MNP,HS5_UC_R_0
159_11,0.63751787,0,0,05-MNP,HS5_UC_R_0
191_11,2.609465,0,1,05-MNP,HS5_UC_R_0
202_11,0.72870415,0,0,05-MNP,HS5_UC_R_0
205_11,2.5254495,1,1,05B-MNP_activated_inf,HS5_UC_R_0
212_11,1.2097843,0,0,05-MNP,HS5_UC_R_0
239_11,0.7330731,0,0,05-MNP,HS5_UC_R_0
254_11,0.66614705,0,0,05-MNP,HS5_UC_R_0
259_11,2.3383944,0,1,05-MNP,HS5_UC_R_0
276_11,2.3823655,0,1,05-MNP,HS5_UC_R_0
302_11,1.8131864,0,1,05-MNP,HS5_UC_R_0
308_11,2.5338461,1,1,05B-MNP_activated_inf,HS5_UC_R_0
348_11,1.7796067,0,1,05-MNP,HS5_UC_R_0
413_11,2.6602368,1,1,05B-MNP_activated_inf,HS5_UC_R_0
426_11,1.1414233,0,0,05-MNP,HS5_UC_R_0
428_11,1.6187731,1,1,05B-MNP_activated_inf,HS5_UC_R_0
435_11,2.5512729,0,1,05-MNP,HS5_UC_R_0
520_11,1.8151144,0,1,05-MNP,HS5_UC_R_0
538_11,2.1302543,1,1,05B-MNP_activated_inf,HS5_UC_R_0
552_11,1.6525707,1,1,05B-MNP_activated_inf,HS5_UC_R_0
583_11,1.7706758,0,1,05-MNP,HS5_UC_R_0
596_11,1.1436193,0,0,05-MNP,HS5_UC_R_0
663_11,1.9687881,1,1,05B-MNP_activated_inf,HS5_UC_R_0
707_11,2.104199,1,1,05B-MNP_activated_inf,HS5_UC_R_0
717_11,0.0,0,0,05-MNP,HS5_UC_R_0
741_11,1.6128923,1,1,05B-MNP_activated_inf,HS5_UC_R_0
757_11,0.68815035,0,0,05-MNP,HS5_UC_R_0
804_11,1.2762908,0,0,05-MNP,HS5_UC_R_0
824_11,0.0,0,0,05-MNP,HS5_UC_R_0
829_11,2.2357297,0,1,05-MNP,HS5_UC_R_0
864_11,1.1967614,0,0,05-MNP,HS5_UC_R_0
870_11,1.1849474,0,0,05-MNP,HS5_UC_R_0
898_11,0.60641223,0,0,05-MNP,HS5_UC_R_0
932_11,1.2375232,0,0,05-MNP,HS5_UC_R_0
941_11,1.8042107,0,1,05-MNP,HS5_UC_R_0
988_11,1.2055475,0,0,05-MNP,HS5_UC_R_0
1009_11,0.65682125,0,0,05-MNP,HS5_UC_R_0
1029_11,1.1849777,0,0,05-MNP,HS5_UC_R_0
1049_11,2.4714062,1,1,05B-MNP_activated_inf,HS5_UC_R_0
1054_11,2.0607665,1,1,05B-MNP_activated_inf,HS5_UC_R_0
1059_11,0.0,0,0,05-MNP,HS5_UC_R_0
1065_11,0.6181908,0,0,05-MNP,HS5_UC_R_0
1094_11,0.7609863,0,0,05-MNP,HS5_UC_R_0
1099_11,1.1472093,0,0,05-MNP,HS5_UC_R_0
1127_11,1.722495,1,1,05B-MNP_activated_inf,HS5_UC_R_0
1136_11,1.2218884,0,0,05-MNP,HS5_UC_R_0
1169_11,3.0050523,1,1,05B-MNP_activated_inf,HS5_UC_R_0
1187_11,1.7521032,0,1,05-MNP,HS5_UC_R_0
1220_11,1.6391585,0,1,05-MNP,HS5_UC_R_0
1250_11,0.65035254,0,0,05-MNP,HS5_UC_R_0
1271_11,0.69791996,0,0,05-MNP,HS5_UC_R_0
1286_11,1.346035,0,0,05-MNP,HS5_UC_R_0
1301_11,0.0,0,0,05-MNP,HS5_UC_R_0
1303_11,0.6250013,0,0,05-MNP,HS5_UC_R_0
1321_11,1.2835214,0,0,05-MNP,HS5_UC_R_0
1335_11,2.2986782,1,1,05B-MNP_activated_inf,HS5_UC_R_0
1336_11,1.5273184,0,0,05-MNP,HS5_UC_R_0
1375_11,0.0,0,0,05-MNP,HS5_UC_R_0
1408_11,0.7570817,0,0,05-MNP,HS5_UC_R_0
1411_11,1.2164766,1,0,05B-MNP_activated_inf,HS5_UC_R_0
1423_11,1.8994895,0,1,05-MNP,HS5_UC_R_0
1427_11,1.4259313,0,0,05-MNP,HS5_UC_R_0
1436_11,1.6927105,0,1,05-MNP,HS5_UC_R_0
1458_11,1.1389657,0,0,05-MNP,HS5_UC_R_0
1463_11,0.65182126,0,0,05-MNP,HS5_UC_R_0
1533_11,1.2185434,0,0,05-MNP,HS5_UC_R_0
1550_11,0.0,0,0,05-MNP,HS5_UC_R_0
1554_11,0.0,0,0,05-MNP,HS5_UC_R_0
1569_11,2.163262,1,1,05B-MNP_activated_inf,HS5_UC_R_0
1585_11,0.0,0,0,05-MNP,HS5_UC_R_0
1599_11,0.67866933,0,0,05-MNP,HS5_UC_R_0
1644_11,0.53409857,0,0,05-MNP,HS5_UC_R_0
1656_11,0.6054096,0,0,05-MNP,HS5_UC_R_0
1658_11,1.736026,0,1,05-MNP,HS5_UC_R_0
1687_11,1.2612133,1,0,05B-MNP_activated_inf,HS5_UC_R_0
1724_11,0.57504654,0,0,05-MNP,HS5_UC_R_0
1732_11,1.0556082,0,0,05-MNP,HS5_UC_R_0
1733_11,1.7131189,0,1,05-MNP,HS5_UC_R_0
1745_11,0.7198877,0,0,05-MNP,HS5_UC_R_0
1750_11,1.2568737,0,0,05-MNP,HS5_UC_R_0
1752_11,1.6817106,0,1,05-MNP,HS5_UC_R_0
1755_11,0.67196983,0,0,05-MNP,HS5_UC_R_0
1784_11,2.628298,1,1,05B-MNP_activated_inf,HS5_UC_R_0
1797_11,0.0,0,0,05-MNP,HS5_UC_R_0
1800_11,0.61412466,0,0,05-MNP,HS5_UC_R_0
1811_11,1.1255516,1,0,05B-MNP_activated_inf,HS5_UC_R_0
1821_11,3.1459992,1,1,05B-MNP_activated_inf,HS5_UC_R_0
1833_11,1.3352953,0,0,05-MNP,HS5_UC_R_0
1840_11,3.1311615,1,1,05B-MNP_activated_inf,HS5_UC_R_0
1845_11,1.430361,0,0,05-MNP,HS5_UC_R_0
1881_11,0.6932682,0,0,05-MNP,HS5_UC_R_0
1888_11,1.269528,0,0,05-MNP,HS5_UC_R_0
1893_11,0.6693906,0,0,05-MNP,HS5_UC_R_0
1894_11,0.6996274,0,0,05-MNP,HS5_UC_R_0
1901_11,2.13806,1,1,05B-MNP_activated_inf,HS5_UC_R_0
1908_11,1.8404672,0,1,05-MNP,HS5_UC_R_0
1914_11,1.8338699,1,1,05B-MNP_activated_inf,HS5_UC_R_0
1920_11,1.7026399,1,1,05B-MNP_activated_inf,HS5_UC_R_0
1921_11,1.7858263,1,1,05B-MNP_activated_inf,HS5_UC_R_0
1936_11,1.1894091,0,0,05-MNP,HS5_UC_R_0
1946_11,2.3433957,1,1,05B-MNP_activated_inf,HS5_UC_R_0
1977_11,1.8197871,0,1,05-MNP,HS5_UC_R_0
1983_11,1.3740759,0,0,05-MNP,HS5_UC_R_0
1986_11,1.2907428,0,0,05-MNP,HS5_UC_R_0
1994_11,1.1809881,0,0,05-MNP,HS5_UC_R_0
2011_11,1.6987602,0,1,05-MNP,HS5_UC_R_0
2018_11,2.2536845,1,1,05B-MNP_activated_inf,HS5_UC_R_0
2048_11,1.88387,1,1,05B-MNP_activated_inf,HS5_UC_R_0
2052_11,1.2531328,0,0,05-MNP,HS5_UC_R_0
2061_11,0.69277745,0,0,05-MNP,HS5_UC_R_0
2085_11,0.70297056,0,0,05-MNP,HS5_UC_R_0
2120_11,1.3612028,1,0,05B-MNP_activated_inf,HS5_UC_R_0
2152_11,0.72848237,0,0,05-MNP,HS5_UC_R_0
2157_11,0.6486452,0,0,05-MNP,HS5_UC_R_0
2178_11,1.4684103,0,0,05-MNP,HS5_UC_R_0
2179_11,0.7386602,0,0,05-MNP,HS5_UC_R_0
2185_11,1.3199733,0,0,05-MNP,HS5_UC_R_0
2197_11,0.69625896,0,0,05-MNP,HS5_UC_R_0
2198_11,0.6900338,0,0,05-MNP,HS5_UC_R_0
2200_11,0.5835884,0,0,05-MNP,HS5_UC_R_0
2208_11,2.286443,0,1,05-MNP,HS5_UC_R_0
2245_11,1.1353507,0,0,05-MNP,HS5_UC_R_0
2282_11,0.6887522,0,0,05-MNP,HS5_UC_R_0
2302_11,1.2876152,0,0,05-MNP,HS5_UC_R_0
2312_11,0.0,0,0,05-MNP,HS5_UC_R_0
2323_11,0.61344975,0,0,05-MNP,HS5_UC_R_0
2328_11,1.2957585,0,0,05-MNP,HS5_UC_R_0
2373_11,0.0,0,0,05-MNP,HS5_UC_R_0
2389_11,0.70269287,0,0,05-MNP,HS5_UC_R_0
2392_11,0.7054434,0,0,05-MNP,HS5_UC_R_0
2396_11,1.459453,0,0,05-MNP,HS5_UC_R_0
2398_11,1.7743021,0,1,05-MNP,HS5_UC_R_0
2406_11,1.1775213,0,0,05-MNP,HS5_UC_R_0
2407_11,1.2666134,0,0,05-MNP,HS5_UC_R_0
2419_11,0.69469655,0,0,05-MNP,HS5_UC_R_0
2425_11,1.9343842,1,1,05B-MNP_activated_inf,HS5_UC_R_0
2429_11,1.8130779,0,1,05-MNP,HS5_UC_R_0
2440_11,0.776992,0,0,05-MNP,HS5_UC_R_0
2448_11,1.228125,0,0,05-MNP,HS5_UC_R_0
2469_11,1.2204535,0,0,05-MNP,HS5_UC_R_0
2478_11,2.3317187,0,1,05-MNP,HS5_UC_R_0
2481_11,1.4237165,0,0,05-MNP,HS5_UC_R_0
2498_11,1.8104303,0,1,05-MNP,HS5_UC_R_0
2553_11,1.3201364,1,0,05B-MNP_activated_inf,HS5_UC_R_0
2554_11,0.0,0,0,05-MNP,HS5_UC_R_0
2556_11,1.364426,0,0,05-MNP,HS5_UC_R_0
2560_11,1.160835,0,0,05-MNP,HS5_UC_R_0
2573_11,0.7267439,0,0,05-MNP,HS5_UC_R_0
2574_11,0.6067355,0,0,05-MNP,HS5_UC_R_0
2580_11,1.3279898,0,0,05-MNP,HS5_UC_R_0
2584_11,1.850808,0,1,05-MNP,HS5_UC_R_0
2593_11,0.7394084,0,0,05-MNP,HS5_UC_R_0
2594_11,0.69450146,0,0,05-MNP,HS5_UC_R_0
2608_11,2.0592887,1,1,05B-MNP_activated_inf,HS5_UC_R_0
2620_11,1.2915878,0,0,05-MNP,HS5_UC_R_0
2624_11,1.2679754,0,0,05-MNP,HS5_UC_R_0
2625_11,1.7911524,0,1,05-MNP,HS5_UC_R_0
2658_11,0.7202672,0,0,05-MNP,HS5_UC_R_0
2662_11,1.2117174,0,0,05-MNP,HS5_UC_R_0
2669_11,2.3953574,1,1,05B-MNP_activated_inf,HS5_UC_R_0
2670_11,0.0,0,0,05-MNP,HS5_UC_R_0
2674_11,0.71356094,0,0,05-MNP,HS5_UC_R_0
2678_11,1.3805588,0,0,05-MNP,HS5_UC_R_0
2682_11,0.61708075,0,0,05-MNP,HS5_UC_R_0
2683_11,3.275969,1,1,05B-MNP_activated_inf,HS5_UC_R_0
2685_11,2.0299735,0,1,05-MNP,HS5_UC_R_0
2693_11,1.8523175,1,1,05B-MNP_activated_inf,HS5_UC_R_0
2695_11,1.9103669,0,1,05-MNP,HS5_UC_R_0
2696_11,2.8101919,1,1,05B-MNP_activated_inf,HS5_UC_R_0
2698_11,2.7471673,1,1,05B-MNP_activated_inf,HS5_UC_R_0
2704_11,1.9373327,1,1,05B-MNP_activated_inf,HS5_UC_R_0
2705_11,2.68549,1,1,05B-MNP_activated_inf,HS5_UC_R_0
2713_11,1.3108748,0,0,05-MNP,HS5_UC_R_0
2722_11,1.350413,0,0,05-MNP,HS5_UC_R_0
2723_11,0.6667491,0,0,05-MNP,HS5_UC_R_0
2725_11,1.8687693,0,1,05-MNP,HS5_UC_R_0
2729_11,0.67130095,0,0,05-MNP,HS5_UC_R_0
2736_11,0.732272,0,0,05-MNP,HS5_UC_R_0
2739_11,1.0571421,0,0,05-MNP,HS5_UC_R_0
2740_11,0.7842539,0,0,05-MNP,HS5_UC_R_0
2744_11,0.0,0,0,05-MNP,HS5_UC_R_0
2749_11,1.4048903,0,0,05-MNP,HS5_UC_R_0
2755_11,0.71594924,0,0,05-MNP,HS5_UC_R_0
2756_11,1.1530553,0,0,05-MNP,HS5_UC_R_0
2757_11,0.6896299,0,0,05-MNP,HS5_UC_R_0
2759_11,1.3088061,1,0,05B-MNP_activated_inf,HS5_UC_R_0
2763_11,3.1202831,1,1,05B-MNP_activated_inf,HS5_UC_R_0
2765_11,0.0,0,0,05-MNP,HS5_UC_R_0
2776_11,1.657832,0,1,05-MNP,HS5_UC_R_0
2780_11,1.312003,0,0,05-MNP,HS5_UC_R_0
2792_11,0.0,0,0,05-MNP,HS5_UC_R_0
2795_11,1.3090161,0,0,05-MNP,HS5_UC_R_0
2800_11,1.8567632,0,1,05-MNP,HS5_UC_R_0
2821_11,1.3302182,0,0,05-MNP,HS5_UC_R_0
2823_11,1.2976011,1,0,05B-MNP_activated_inf,HS5_UC_R_0
2832_11,2.551954,1,1,05B-MNP_activated_inf,HS5_UC_R_0
2841_11,0.62568074,0,0,05-MNP,HS5_UC_R_0
2859_11,0.0,0,0,05-MNP,HS5_UC_R_0
2875_11,2.7317872,1,1,05B-MNP_activated_inf,HS5_UC_R_0
2880_11,0.6451105,0,0,05-MNP,HS5_UC_R_0
2892_11,1.2380155,0,0,05-MNP,HS5_UC_R_0
2895_11,1.2952415,0,0,05-MNP,HS5_UC_R_0
2917_11,0.0,0,0,05-MNP,HS5_UC_R_0
2948_11,0.64473253,0,0,05-MNP,HS5_UC_R_0
2965_11,0.7750836,0,0,05-MNP,HS5_UC_R_0
2968_11,0.0,0,0,05-MNP,HS5_UC_R_0
2980_11,1.5933722,0,1,05-MNP,HS5_UC_R_0
2981_11,1.3302271,0,0,05-MNP,HS5_UC_R_0
3006_11,2.365479,1,1,05B-MNP_activated_inf,HS5_UC_R_0
3023_11,0.6709533,0,0,05-MNP,HS5_UC_R_0
3046_11,0.726879,0,0,05-MNP,HS5_UC_R_0
3047_11,0.65133256,0,0,05-MNP,HS5_UC_R_0
3048_11,0.0,0,0,05-MNP,HS5_UC_R_0
3050_11,1.3546382,0,0,05-MNP,HS5_UC_R_0
3053_11,1.3424319,1,0,05B-MNP_activated_inf,HS5_UC_R_0
3054_11,0.7705421,0,0,05-MNP,HS5_UC_R_0
3100_11,0.6550457,0,0,05-MNP,HS5_UC_R_0
3102_11,0.66411656,0,0,05-MNP,HS5_UC_R_0
3111_11,1.1664617,0,0,05-MNP,HS5_UC_R_0
3130_11,2.055307,0,1,05-MNP,HS5_UC_R_0
3134_11,1.1307735,1,0,05B-MNP_activated_inf,HS5_UC_R_0
3138_11,0.7658605,0,0,05-MNP,HS5_UC_R_0
3141_11,0.0,0,0,05-MNP,HS5_UC_R_0
3184_11,1.4294417,0,0,05-MNP,HS5_UC_R_0
3205_11,0.6673476,0,0,05-MNP,HS5_UC_R_0
3212_11,1.6642951,0,1,05-MNP,HS5_UC_R_0
3240_11,1.195492,0,0,05-MNP,HS5_UC_R_0
3251_11,2.3803983,0,1,05-MNP,HS5_UC_R_0
3255_11,0.7450763,0,0,05-MNP,HS5_UC_R_0
3270_11,1.2413248,0,0,05-MNP,HS5_UC_R_0
3272_11,1.7497414,1,1,05B-MNP_activated_inf,HS5_UC_R_0
3277_11,1.8918427,1,1,05B-MNP_activated_inf,HS5_UC_R_0
3295_11,1.952358,1,1,05B-MNP_activated_inf,HS5_UC_R_0
3298_11,2.0842175,1,1,05B-MNP_activated_inf,HS5_UC_R_0
3309_11,1.7276665,0,1,05-MNP,HS5_UC_R_0
3310_11,0.8061646,0,0,05-MNP,HS5_UC_R_0
3316_11,0.6822034,0,0,05-MNP,HS5_UC_R_0
3319_11,1.76456,0,1,05-MNP,HS5_UC_R_0
3320_11,1.8488283,0,1,05-MNP,HS5_UC_R_0
3326_11,1.6785219,0,1,05-MNP,HS5_UC_R_0
3338_11,2.1334126,0,1,05-MNP,HS5_UC_R_0
3346_11,0.0,0,0,05-MNP,HS5_UC_R_0
3354_11,2.290239,0,1,05-MNP,HS5_UC_R_0
3355_11,0.73707104,0,0,05-MNP,HS5_UC_R_0
3362_11,0.73327047,0,0,05-MNP,HS5_UC_R_0
3377_11,1.761346,0,1,05-MNP,HS5_UC_R_0
3391_11,0.75655264,0,0,05-MNP,HS5_UC_R_0
3412_11,0.71050644,0,0,05-MNP,HS5_UC_R_0
3433_11,2.8213267,1,1,05B-MNP_activated_inf,HS5_UC_R_0
3477_11,0.69529885,0,0,05-MNP,HS5_UC_R_0
3479_11,1.2266909,0,0,05-MNP,HS5_UC_R_0
3521_11,1.514797,0,0,05-MNP,HS5_UC_R_0
3526_11,1.7602494,0,1,05-MNP,HS5_UC_R_0
3545_11,1.3379132,0,0,05-MNP,HS5_UC_R_0
3548_11,0.7225698,0,0,05-MNP,HS5_UC_R_0
3553_11,1.0847738,0,0,05-MNP,HS5_UC_R_0
3579_11,0.5564862,0,0,05-MNP,HS5_UC_R_0
3598_11,1.5104773,0,0,05-MNP,HS5_UC_R_0
3629_11,2.5460067,1,1,05B-MNP_activated_inf,HS5_UC_R_0
3647_11,1.5995892,0,1,05-MNP,HS5_UC_R_0
3659_11,2.0178735,0,1,05-MNP,HS5_UC_R_0
3682_11,0.0,0,0,05-MNP,HS5_UC_R_0
3699_11,1.2286263,0,0,05-MNP,HS5_UC_R_0
3703_11,0.0,0,0,05-MNP,HS5_UC_R_0
3801_11,0.66115993,0,0,05-MNP,HS5_UC_R_0
3825_11,2.1044579,0,1,05-MNP,HS5_UC_R_0
3851_11,0.7170147,0,0,05-MNP,HS5_UC_R_0
3865_11,0.64253056,0,0,05-MNP,HS5_UC_R_0
3875_11,1.5388262,0,0,05-MNP,HS5_UC_R_0
3878_11,1.359336,0,0,05-MNP,HS5_UC_R_0
3890_11,1.7188114,1,1,05B-MNP_activated_inf,HS5_UC_R_0
3902_11,1.3900421,0,0,05-MNP,HS5_UC_R_0
3903_11,1.8410069,0,1,05-MNP,HS5_UC_R_0
3915_11,0.7862506,0,0,05-MNP,HS5_UC_R_0
3921_11,1.5211952,0,0,05-MNP,HS5_UC_R_0
3936_11,0.70653373,0,0,05-MNP,HS5_UC_R_0
3945_11,1.2772743,0,0,05-MNP,HS5_UC_R_0
3947_11,1.4099672,0,0,05-MNP,HS5_UC_R_0
3955_11,0.713728,0,0,05-MNP,HS5_UC_R_0
3958_11,1.3845872,0,0,05-MNP,HS5_UC_R_0
3960_11,1.4115007,0,0,05-MNP,HS5_UC_R_0
3962_11,1.4140278,0,0,05-MNP,HS5_UC_R_0
3964_11,0.76146686,0,0,05-MNP,HS5_UC_R_0
3968_11,1.3702806,0,0,05-MNP,HS5_UC_R_0
3991_11,0.6429817,0,0,05-MNP,HS5_UC_R_0
3993_11,0.8160216,0,0,05-MNP,HS5_UC_R_0
3994_11,1.4101971,0,0,05-MNP,HS5_UC_R_0
3996_11,0.6958829,0,0,05-MNP,HS5_UC_R_0
4012_11,0.6450737,0,0,05-MNP,HS5_UC_R_0
4015_11,1.3106688,0,0,05-MNP,HS5_UC_R_0
4019_11,1.3163459,0,0,05-MNP,HS5_UC_R_0
4044_11,0.0,0,0,05-MNP,HS5_UC_R_0
4049_11,1.8718046,1,1,05B-MNP_activated_inf,HS5_UC_R_0
4068_11,0.7202797,0,0,05-MNP,HS5_UC_R_0
4119_11,0.7351827,0,0,05-MNP,HS5_UC_R_0
4136_11,0.7150424,0,0,05-MNP,HS5_UC_R_0
4170_11,0.78533876,0,0,05-MNP,HS5_UC_R_0
4174_11,0.0,0,0,05-MNP,HS5_UC_R_0
4240_11,0.7626588,0,0,05-MNP,HS5_UC_R_0
4249_11,0.0,0,0,05-MNP,HS5_UC_R_0
60_13,0.6073893,0,0,05-MNP,HS7_UC_L_0
83_13,0.0,0,0,05-MNP,HS7_UC_L_0
117_13,1.6554816,0,1,05-MNP,HS7_UC_L_0
178_13,1.7957002,1,1,05B-MNP_activated_inf,HS7_UC_L_0
186_13,1.769401,0,1,05-MNP,HS7_UC_L_0
193_13,0.0,0,0,05-MNP,HS7_UC_L_0
215_13,1.2871926,0,0,05-MNP,HS7_UC_L_0
245_13,0.6060926,0,0,05-MNP,HS7_UC_L_0
264_13,0.0,0,0,05-MNP,HS7_UC_L_0
266_13,1.1833879,0,0,05-MNP,HS7_UC_L_0
287_13,0.6833367,0,0,05-MNP,HS7_UC_L_0
309_13,0.0,0,0,05-MNP,HS7_UC_L_0
329_13,2.0724037,1,1,05B-MNP_activated_inf,HS7_UC_L_0
330_13,1.1783943,0,0,05-MNP,HS7_UC_L_0
332_13,0.75106144,0,0,05-MNP,HS7_UC_L_0
343_13,0.60700876,0,0,05-MNP,HS7_UC_L_0
352_13,1.4119917,0,0,05-MNP,HS7_UC_L_0
357_13,2.544012,1,1,05B-MNP_activated_inf,HS7_UC_L_0
383_13,1.3784138,0,0,05-MNP,HS7_UC_L_0
388_13,2.8133736,1,1,05B-MNP_activated_inf,HS7_UC_L_0
474_13,0.7172658,0,0,05-MNP,HS7_UC_L_0
502_13,0.70791715,0,0,05-MNP,HS7_UC_L_0
516_13,0.0,0,0,05-MNP,HS7_UC_L_0
528_13,1.3443598,0,0,05-MNP,HS7_UC_L_0
537_13,1.2483925,0,0,05-MNP,HS7_UC_L_0
563_13,0.0,0,0,05-MNP,HS7_UC_L_0
567_13,1.9452044,1,1,05B-MNP_activated_inf,HS7_UC_L_0
600_13,0.0,0,0,05-MNP,HS7_UC_L_0
602_13,1.8185934,0,1,05-MNP,HS7_UC_L_0
611_13,1.3240937,0,0,05-MNP,HS7_UC_L_0
612_13,1.2959108,1,0,05B-MNP_activated_inf,HS7_UC_L_0
614_13,1.1755478,1,0,05B-MNP_activated_inf,HS7_UC_L_0
638_13,1.4329088,0,0,05-MNP,HS7_UC_L_0
646_13,2.7270737,1,1,05B-MNP_activated_inf,HS7_UC_L_0
654_13,0.6630492,0,0,05-MNP,HS7_UC_L_0
660_13,1.7135075,1,1,05B-MNP_activated_inf,HS7_UC_L_0
676_13,2.5187302,1,1,05B-MNP_activated_inf,HS7_UC_L_0
721_13,0.0,0,0,05-MNP,HS7_UC_L_0
729_13,0.0,0,0,05-MNP,HS7_UC_L_0
775_13,1.9527807,0,1,05-MNP,HS7_UC_L_0
778_13,0.63665265,0,0,05-MNP,HS7_UC_L_0
847_13,1.8156039,0,1,05-MNP,HS7_UC_L_0
880_13,0.0,0,0,05-MNP,HS7_UC_L_0
934_13,2.659996,1,1,05B-MNP_activated_inf,HS7_UC_L_0
952_13,1.7348936,0,1,05-MNP,HS7_UC_L_0
958_13,2.334143,1,1,05B-MNP_activated_inf,HS7_UC_L_0
976_13,2.2045798,1,1,05B-MNP_activated_inf,HS7_UC_L_0
989_13,2.1554043,1,1,05B-MNP_activated_inf,HS7_UC_L_0
993_13,1.7183368,0,1,05-MNP,HS7_UC_L_0
994_13,2.7916973,1,1,05B-MNP_activated_inf,HS7_UC_L_0
998_13,2.9133189,1,1,05B-MNP_activated_inf,HS7_UC_L_0
1009_13,0.0,0,0,05-MNP,HS7_UC_L_0
1015_13,1.4263933,0,0,05-MNP,HS7_UC_L_0
1017_13,2.6533465,1,1,05B-MNP_activated_inf,HS7_UC_L_0
1029_13,0.0,0,0,05-MNP,HS7_UC_L_0
1030_13,1.2807646,0,0,05-MNP,HS7_UC_L_0
1034_13,1.6088878,0,1,05-MNP,HS7_UC_L_0
1035_13,0.0,0,0,05-MNP,HS7_UC_L_0
1037_13,0.60033286,0,0,05-MNP,HS7_UC_L_0
1044_13,1.126519,0,0,05-MNP,HS7_UC_L_0
1045_13,1.7736877,1,1,05B-MNP_activated_inf,HS7_UC_L_0
1055_13,1.7657745,0,1,05-MNP,HS7_UC_L_0
1085_13,2.7278044,1,1,05B-MNP_activated_inf,HS7_UC_L_0
1091_13,0.0,0,0,05-MNP,HS7_UC_L_0
1094_13,1.7840189,1,1,05B-MNP_activated_inf,HS7_UC_L_0
1098_13,1.7126228,0,1,05-MNP,HS7_UC_L_0
1111_13,2.1504977,0,1,05-MNP,HS7_UC_L_0
1127_13,0.62361574,0,0,05-MNP,HS7_UC_L_0
1141_13,1.3282433,0,0,05-MNP,HS7_UC_L_0
1143_13,1.3277901,0,0,05-MNP,HS7_UC_L_0
1144_13,1.1976451,0,0,05-MNP,HS7_UC_L_0
1148_13,1.1406332,0,0,05-MNP,HS7_UC_L_0
1165_13,2.887408,1,1,05B-MNP_activated_inf,HS7_UC_L_0
1170_13,2.2400126,1,1,05B-MNP_activated_inf,HS7_UC_L_0
1174_13,1.4931238,0,0,05-MNP,HS7_UC_L_0
1190_13,3.335933,1,1,05B-MNP_activated_inf,HS7_UC_L_0
1237_13,1.1517324,0,0,05-MNP,HS7_UC_L_0
1248_13,0.644362,1,0,05B-MNP_activated_inf,HS7_UC_L_0
1249_13,0.0,0,0,05-MNP,HS7_UC_L_0
1304_13,0.7125166,1,0,05B-MNP_activated_inf,HS7_UC_L_0
1306_13,0.63416964,0,0,05-MNP,HS7_UC_L_0
1307_13,1.2661833,0,0,05-MNP,HS7_UC_L_0
1335_13,0.6443229,0,0,05-MNP,HS7_UC_L_0
1338_13,1.3856312,1,0,05B-MNP_activated_inf,HS7_UC_L_0
1361_13,0.65007323,0,0,05-MNP,HS7_UC_L_0
1364_13,1.2783691,0,0,05-MNP,HS7_UC_L_0
1387_13,1.2021055,0,0,05-MNP,HS7_UC_L_0
1390_13,0.58875406,0,0,05-MNP,HS7_UC_L_0
1393_13,1.157065,0,0,05-MNP,HS7_UC_L_0
1396_13,1.3311634,0,0,05-MNP,HS7_UC_L_0
1400_13,0.78824806,1,0,05B-MNP_activated_inf,HS7_UC_L_0
1444_13,1.8932114,0,1,05-MNP,HS7_UC_L_0
1445_13,0.68397886,0,0,05-MNP,HS7_UC_L_0
1463_13,1.3864025,0,0,05-MNP,HS7_UC_L_0
1482_13,0.0,0,0,05-MNP,HS7_UC_L_0
1489_13,1.2887326,0,0,05-MNP,HS7_UC_L_0
1500_13,1.3004771,0,0,05-MNP,HS7_UC_L_0
1508_13,1.2862617,1,0,05B-MNP_activated_inf,HS7_UC_L_0
1509_13,1.8194588,0,1,05-MNP,HS7_UC_L_0
1511_13,1.7000686,0,1,05-MNP,HS7_UC_L_0
1514_13,3.2991107,1,1,05B-MNP_activated_inf,HS7_UC_L_0
1528_13,0.0,0,0,05-MNP,HS7_UC_L_0
1531_13,1.5580466,0,1,05-MNP,HS7_UC_L_0
1551_13,0.0,0,0,05-MNP,HS7_UC_L_0
1576_13,1.0967171,1,0,05B-MNP_activated_inf,HS7_UC_L_0
1594_13,0.0,0,0,05-MNP,HS7_UC_L_0
1599_13,1.1651965,0,0,05-MNP,HS7_UC_L_0
1617_13,2.4158485,1,1,05B-MNP_activated_inf,HS7_UC_L_0
1635_13,0.0,0,0,05-MNP,HS7_UC_L_0
1653_13,0.67550427,0,0,05-MNP,HS7_UC_L_0
1676_13,1.708185,0,1,05-MNP,HS7_UC_L_0
1679_13,1.2730315,0,0,05-MNP,HS7_UC_L_0
1689_13,0.6724715,0,0,05-MNP,HS7_UC_L_0
1709_13,2.3030517,0,1,05-MNP,HS7_UC_L_0
1723_13,0.6870723,0,0,05-MNP,HS7_UC_L_0
1737_13,0.6390352,0,0,05-MNP,HS7_UC_L_0
1748_13,0.70070463,0,0,05-MNP,HS7_UC_L_0
1807_13,1.3316538,0,0,05-MNP,HS7_UC_L_0
1859_13,0.7377519,0,0,05-MNP,HS7_UC_L_0
1860_13,0.7087533,0,0,05-MNP,HS7_UC_L_0
1871_13,0.727128,0,0,05-MNP,HS7_UC_L_0
1872_13,1.7215197,0,1,05-MNP,HS7_UC_L_0
1875_13,1.3150166,0,0,05-MNP,HS7_UC_L_0
1876_13,1.2529057,0,0,05-MNP,HS7_UC_L_0
1879_13,1.3133278,0,0,05-MNP,HS7_UC_L_0
1882_13,2.4595044,1,1,05B-MNP_activated_inf,HS7_UC_L_0
1885_13,1.4328244,1,0,05B-MNP_activated_inf,HS7_UC_L_0
1888_13,2.8397353,1,1,05B-MNP_activated_inf,HS7_UC_L_0
1889_13,0.69541276,0,0,05-MNP,HS7_UC_L_0
1893_13,1.7907687,1,1,05B-MNP_activated_inf,HS7_UC_L_0
1896_13,1.8212157,0,1,05-MNP,HS7_UC_L_0
1900_13,1.3484389,0,0,05-MNP,HS7_UC_L_0
1901_13,0.610145,0,0,05-MNP,HS7_UC_L_0
1902_13,0.73841524,0,0,05-MNP,HS7_UC_L_0
1914_13,2.6812603,1,1,05B-MNP_activated_inf,HS7_UC_L_0
1919_13,0.71530646,0,0,05-MNP,HS7_UC_L_0
1923_13,1.3232425,0,0,05-MNP,HS7_UC_L_0
1932_13,1.3857085,0,0,05-MNP,HS7_UC_L_0
1942_13,2.4251153,0,1,05-MNP,HS7_UC_L_0
1949_13,1.3008994,0,0,05-MNP,HS7_UC_L_0
1965_13,1.269452,0,0,05-MNP,HS7_UC_L_0
1966_13,0.0,0,0,05-MNP,HS7_UC_L_0
1994_13,0.75659615,0,0,05-MNP,HS7_UC_L_0
2058_13,0.0,0,0,05-MNP,HS7_UC_L_0
2064_13,0.7170552,0,0,05-MNP,HS7_UC_L_0
2097_13,1.3156214,0,0,05-MNP,HS7_UC_L_0
2131_13,0.6990126,0,0,05-MNP,HS7_UC_L_0
2211_13,0.0,0,0,05-MNP,HS7_UC_L_0
2249_13,0.6132032,0,0,05-MNP,HS7_UC_L_0
2366_13,0.7848353,0,0,05-MNP,HS7_UC_L_0
2367_13,0.7074938,0,0,05-MNP,HS7_UC_L_0
2380_13,1.9141244,1,1,05B-MNP_activated_inf,HS7_UC_L_0
2488_13,0.0,0,0,05-MNP,HS7_UC_L_0
2515_13,0.7783423,0,0,05-MNP,HS7_UC_L_0
2533_13,0.0,0,0,05-MNP,HS7_UC_L_0
2549_13,0.6585726,0,0,05-MNP,HS7_UC_L_0
2552_13,0.7430915,0,0,05-MNP,HS7_UC_L_0
2557_13,0.72163993,0,0,05-MNP,HS7_UC_L_0
2560_13,0.7397328,0,0,05-MNP,HS7_UC_L_0
2571_13,1.2934935,1,0,05B-MNP_activated_inf,HS7_UC_L_0
2574_13,0.7164555,0,0,05-MNP,HS7_UC_L_0
2624_13,0.70225614,0,0,05-MNP,HS7_UC_L_0
2644_13,0.75902814,0,0,05-MNP,HS7_UC_L_0
2646_13,1.3322519,1,0,05B-MNP_activated_inf,HS7_UC_L_0
2682_13,0.67628735,0,0,05-MNP,HS7_UC_L_0
2705_13,0.64542395,0,0,05-MNP,HS7_UC_L_0
2725_13,1.7582864,0,1,05-MNP,HS7_UC_L_0
2730_13,0.77456766,0,0,05-MNP,HS7_UC_L_0
2732_13,0.66915953,0,0,05-MNP,HS7_UC_L_0
2734_13,1.5091076,0,0,05-MNP,HS7_UC_L_0
2750_13,0.0,0,0,05-MNP,HS7_UC_L_0
2755_13,2.2804203,0,1,05-MNP,HS7_UC_L_0
2767_13,1.3931073,1,0,05B-MNP_activated_inf,HS7_UC_L_0
2790_13,2.1045198,0,1,05-MNP,HS7_UC_L_0
2805_13,2.1541982,1,1,05B-MNP_activated_inf,HS7_UC_L_0
2814_13,0.76973456,0,0,05-MNP,HS7_UC_L_0
2840_13,0.75891954,0,0,05-MNP,HS7_UC_L_0
2851_13,0.61735755,0,0,05-MNP,HS7_UC_L_0
2856_13,0.70084757,0,0,05-MNP,HS7_UC_L_0
2864_13,0.72287923,0,0,05-MNP,HS7_UC_L_0
2876_13,1.3183078,0,0,05-MNP,HS7_UC_L_0
2920_13,2.0512006,0,1,05-MNP,HS7_UC_L_0
2925_13,0.0,0,0,05-MNP,HS7_UC_L_0
2929_13,0.67730814,0,0,05-MNP,HS7_UC_L_0
2946_13,1.4650214,0,0,05-MNP,HS7_UC_L_0
2972_13,0.7288141,0,0,05-MNP,HS7_UC_L_0
2986_13,1.8204081,1,1,05B-MNP_activated_inf,HS7_UC_L_0
2989_13,1.1732875,0,0,05-MNP,HS7_UC_L_0
2993_13,0.0,1,0,05B-MNP_activated_inf,HS7_UC_L_0
3011_13,0.7185591,0,0,05-MNP,HS7_UC_L_0
3018_13,0.64639527,0,0,05-MNP,HS7_UC_L_0
3022_13,1.3051205,0,0,05-MNP,HS7_UC_L_0
3029_13,1.5260555,1,0,05B-MNP_activated_inf,HS7_UC_L_0
3058_13,2.8799574,0,1,05-MNP,HS7_UC_L_0
3063_13,0.7298802,0,0,05-MNP,HS7_UC_L_0
3112_13,1.4026101,0,0,05-MNP,HS7_UC_L_0
3118_13,1.5213736,0,0,05-MNP,HS7_UC_L_0
3135_13,0.73853683,0,0,05-MNP,HS7_UC_L_0
3139_13,2.8377364,1,1,05B-MNP_activated_inf,HS7_UC_L_0
3140_13,0.6945257,0,0,05-MNP,HS7_UC_L_0
3148_13,0.7689582,0,0,05-MNP,HS7_UC_L_0
3159_13,1.3291074,0,0,05-MNP,HS7_UC_L_0
30_5,0.70902497,0,0,05-MNP,HS7_UC_R_1
46_5,0.65577906,0,0,05-MNP,HS7_UC_R_1
77_5,0.6246772,0,0,05-MNP,HS7_UC_R_1
85_5,1.7046767,1,1,05B-MNP_activated_inf,HS7_UC_R_1
113_5,0.0,0,0,05-MNP,HS7_UC_R_1
118_5,0.0,0,0,05-MNP,HS7_UC_R_1
132_5,0.73475564,0,0,05-MNP,HS7_UC_R_1
143_5,1.140489,1,0,05B-MNP_activated_inf,HS7_UC_R_1
177_5,0.0,0,0,05-MNP,HS7_UC_R_1
195_5,0.0,0,0,05-MNP,HS7_UC_R_1
254_5,0.6891309,0,0,05-MNP,HS7_UC_R_1
278_5,0.7098754,0,0,05-MNP,HS7_UC_R_1
367_5,0.0,0,0,05-MNP,HS7_UC_R_1
384_5,1.397986,1,0,05B-MNP_activated_inf,HS7_UC_R_1
388_5,1.3872694,0,0,05-MNP,HS7_UC_R_1
422_5,2.5514934,1,1,05B-MNP_activated_inf,HS7_UC_R_1
435_5,1.4790987,1,0,05B-MNP_activated_inf,HS7_UC_R_1
437_5,1.2952864,0,0,05-MNP,HS7_UC_R_1
489_5,1.4897928,0,0,05-MNP,HS7_UC_R_1
499_5,0.63983476,0,0,05-MNP,HS7_UC_R_1
530_5,0.0,0,0,05-MNP,HS7_UC_R_1
578_5,0.0,0,0,05-MNP,HS7_UC_R_1
582_5,1.9604682,1,1,05B-MNP_activated_inf,HS7_UC_R_1
588_5,0.6572962,0,0,05-MNP,HS7_UC_R_1
593_5,0.67036283,0,0,05-MNP,HS7_UC_R_1
599_5,1.249761,0,0,05-MNP,HS7_UC_R_1
611_5,0.6383398,0,0,05-MNP,HS7_UC_R_1
616_5,0.0,0,0,05-MNP,HS7_UC_R_1
656_5,0.67212594,0,0,05-MNP,HS7_UC_R_1
668_5,1.7034029,0,1,05-MNP,HS7_UC_R_1
690_5,0.7301688,0,0,05-MNP,HS7_UC_R_1
710_5,0.70709676,1,0,05B-MNP_activated_inf,HS7_UC_R_1
730_5,0.0,0,0,05-MNP,HS7_UC_R_1
731_5,0.6473287,0,0,05-MNP,HS7_UC_R_1
735_5,1.3565454,0,0,05-MNP,HS7_UC_R_1
748_5,1.3150294,1,0,05B-MNP_activated_inf,HS7_UC_R_1
758_5,0.0,0,0,05-MNP,HS7_UC_R_1
822_5,0.7039143,0,0,05-MNP,HS7_UC_R_1
837_5,0.0,0,0,05-MNP,HS7_UC_R_1
852_5,1.3916768,0,0,05-MNP,HS7_UC_R_1
858_5,0.69952667,0,0,05-MNP,HS7_UC_R_1
863_5,1.2813604,1,0,05B-MNP_activated_inf,HS7_UC_R_1
875_5,0.0,0,0,05-MNP,HS7_UC_R_1
878_5,0.7208405,0,0,05-MNP,HS7_UC_R_1
883_5,0.72765034,0,0,05-MNP,HS7_UC_R_1
907_5,0.0,0,0,05-MNP,HS7_UC_R_1
911_5,0.0,0,0,05-MNP,HS7_UC_R_1
930_5,1.3650532,0,0,05-MNP,HS7_UC_R_1
972_5,1.2908512,0,0,05-MNP,HS7_UC_R_1
976_5,1.3790401,0,0,05-MNP,HS7_UC_R_1
988_5,0.69496715,0,0,05-MNP,HS7_UC_R_1
1005_5,1.2272729,0,0,05-MNP,HS7_UC_R_1
1028_5,1.9803723,0,1,05-MNP,HS7_UC_R_1
1034_5,0.0,0,0,05-MNP,HS7_UC_R_1
1043_5,0.0,0,0,05-MNP,HS7_UC_R_1
1075_5,0.6929689,0,0,05-MNP,HS7_UC_R_1
1089_5,0.0,0,0,05-MNP,HS7_UC_R_1
1110_5,0.0,0,0,05-MNP,HS7_UC_R_1
1195_5,0.6294905,0,0,05-MNP,HS7_UC_R_1
1234_5,0.73707575,0,0,05-MNP,HS7_UC_R_1
1260_5,0.6288354,0,0,05-MNP,HS7_UC_R_1
1279_5,0.0,0,0,05-MNP,HS7_UC_R_1
1300_5,0.0,0,0,05-MNP,HS7_UC_R_1
1356_5,0.62483215,0,0,05-MNP,HS7_UC_R_1
1462_5,0.664172,1,0,05B-MNP_activated_inf,HS7_UC_R_1
1486_5,1.4087692,0,0,05-MNP,HS7_UC_R_1
1490_5,0.69341075,0,0,05-MNP,HS7_UC_R_1
1503_5,1.3585652,0,0,05-MNP,HS7_UC_R_1
1507_5,0.0,0,0,05-MNP,HS7_UC_R_1
1537_5,0.70622194,0,0,05-MNP,HS7_UC_R_1
1541_5,1.2191316,0,0,05-MNP,HS7_UC_R_1
1585_5,0.6569309,0,0,05-MNP,HS7_UC_R_1
1586_5,1.3197854,1,0,05B-MNP_activated_inf,HS7_UC_R_1
1603_5,0.0,0,0,05-MNP,HS7_UC_R_1
1624_5,1.3560379,0,0,05-MNP,HS7_UC_R_1
1642_5,1.3129374,0,0,05-MNP,HS7_UC_R_1
1645_5,0.6439653,0,0,05-MNP,HS7_UC_R_1
1669_5,0.70620346,0,0,05-MNP,HS7_UC_R_1
1688_5,0.0,0,0,05-MNP,HS7_UC_R_1
1696_5,1.3386409,0,0,05-MNP,HS7_UC_R_1
1704_5,0.7246045,0,0,05-MNP,HS7_UC_R_1
1705_5,0.6520375,1,0,05B-MNP_activated_inf,HS7_UC_R_1
1708_5,0.604672,0,0,05-MNP,HS7_UC_R_1
1718_5,0.7189121,0,0,05-MNP,HS7_UC_R_1
1724_5,0.0,0,0,05-MNP,HS7_UC_R_1
1737_5,2.1647437,1,1,05B-MNP_activated_inf,HS7_UC_R_1
1742_5,0.6779477,0,0,05-MNP,HS7_UC_R_1
1745_5,0.7441055,0,0,05-MNP,HS7_UC_R_1
1754_5,0.64316887,0,0,05-MNP,HS7_UC_R_1
1762_5,1.292182,0,0,05-MNP,HS7_UC_R_1
1770_5,1.2639205,0,0,05-MNP,HS7_UC_R_1
1772_5,0.74538124,0,0,05-MNP,HS7_UC_R_1
1777_5,0.6480304,0,0,05-MNP,HS7_UC_R_1
1787_5,1.4935057,0,0,05-MNP,HS7_UC_R_1
1797_5,1.3863558,0,0,05-MNP,HS7_UC_R_1
1804_5,0.0,0,0,05-MNP,HS7_UC_R_1
1814_5,0.59350955,0,0,05-MNP,HS7_UC_R_1
1823_5,1.2787877,0,0,05-MNP,HS7_UC_R_1
1834_5,1.8707955,1,1,05B-MNP_activated_inf,HS7_UC_R_1
1841_5,0.683866,0,0,05-MNP,HS7_UC_R_1
1853_5,0.6519877,0,0,05-MNP,HS7_UC_R_1
1873_5,0.0,0,0,05-MNP,HS7_UC_R_1
1887_5,0.0,0,0,05-MNP,HS7_UC_R_1
1907_5,0.0,0,0,05-MNP,HS7_UC_R_1
1923_5,0.0,0,0,05-MNP,HS7_UC_R_1
1924_5,0.6275658,1,0,05B-MNP_activated_inf,HS7_UC_R_1
1927_5,0.64304125,0,0,05-MNP,HS7_UC_R_1
1986_5,1.3893149,1,0,05B-MNP_activated_inf,HS7_UC_R_1
2020_5,0.780706,0,0,05-MNP,HS7_UC_R_1
2030_5,0.6561447,0,0,05-MNP,HS7_UC_R_1
2118_5,0.66649,0,0,05-MNP,HS7_UC_R_1
2123_5,0.67426455,0,0,05-MNP,HS7_UC_R_1
2187_5,0.0,0,0,05-MNP,HS7_UC_R_1
2200_5,0.7248993,0,0,05-MNP,HS7_UC_R_1
2266_5,0.6615249,0,0,05-MNP,HS7_UC_R_1
2338_5,0.609522,1,0,05B-MNP_activated_inf,HS7_UC_R_1
2342_5,0.0,0,0,05-MNP,HS7_UC_R_1
2353_5,0.6303285,0,0,05-MNP,HS7_UC_R_1
2399_5,0.0,0,0,05-MNP,HS7_UC_R_1
2448_5,2.0438411,1,1,05B-MNP_activated_inf,HS7_UC_R_1
2449_5,1.3167306,1,0,05B-MNP_activated_inf,HS7_UC_R_1
2494_5,0.0,0,0,05-MNP,HS7_UC_R_1
2496_5,2.6965587,1,1,05B-MNP_activated_inf,HS7_UC_R_1
2510_5,0.727736,0,0,05-MNP,HS7_UC_R_1
2515_5,1.2844161,1,0,05B-MNP_activated_inf,HS7_UC_R_1
2517_5,0.0,0,0,05-MNP,HS7_UC_R_1
2534_5,0.0,0,0,05-MNP,HS7_UC_R_1
2554_5,0.7611083,0,0,05-MNP,HS7_UC_R_1
2578_5,0.0,0,0,05-MNP,HS7_UC_R_1
2607_5,0.0,0,0,05-MNP,HS7_UC_R_1
2668_5,0.0,0,0,05-MNP,HS7_UC_R_1
2698_5,0.7256258,1,0,05B-MNP_activated_inf,HS7_UC_R_1
2788_5,1.2652359,1,0,05B-MNP_activated_inf,HS7_UC_R_1
2846_5,1.2153884,0,0,05-MNP,HS7_UC_R_1
2855_5,0.67163706,0,0,05-MNP,HS7_UC_R_1
2871_5,0.0,0,0,05-MNP,HS7_UC_R_1
2875_5,0.0,0,0,05-MNP,HS7_UC_R_1
2912_5,0.6817503,0,0,05-MNP,HS7_UC_R_1
2983_5,0.0,0,0,05-MNP,HS7_UC_R_1
3038_5,0.6432194,0,0,05-MNP,HS7_UC_R_1
3058_5,0.70927763,0,0,05-MNP,HS7_UC_R_1
3116_5,0.6950582,0,0,05-MNP,HS7_UC_R_1
3121_5,2.677319,1,1,05B-MNP_activated_inf,HS7_UC_R_1
3213_5,2.0114539,0,1,05-MNP,HS7_UC_R_1
3218_5,0.6107562,0,0,05-MNP,HS7_UC_R_1
3246_5,0.77822393,0,0,05-MNP,HS7_UC_R_1
3249_5,0.0,0,0,05-MNP,HS7_UC_R_1
3374_5,0.0,0,0,05-MNP,HS7_UC_R_1
3376_5,0.7160323,0,0,05-MNP,HS7_UC_R_1
3379_5,1.353115,0,0,05-MNP,HS7_UC_R_1
3500_5,1.3466682,0,0,05-MNP,HS7_UC_R_1
3510_5,1.5260915,0,0,05-MNP,HS7_UC_R_1
3639_5,3.7081375,1,1,05B-MNP_activated_inf,HS7_UC_R_1
3700_5,0.69883156,0,0,05-MNP,HS7_UC_R_1
3742_5,1.4568185,0,0,05-MNP,HS7_UC_R_1
3745_5,0.0,0,0,05-MNP,HS7_UC_R_1
3758_5,0.688982,0,0,05-MNP,HS7_UC_R_1
3759_5,0.66787845,0,0,05-MNP,HS7_UC_R_1
3792_5,0.713834,0,0,05-MNP,HS7_UC_R_1
3802_5,0.6497827,0,0,05-MNP,HS7_UC_R_1
3805_5,0.0,0,0,05-MNP,HS7_UC_R_1
3809_5,0.0,0,0,05-MNP,HS7_UC_R_1
3816_5,0.67538196,0,0,05-MNP,HS7_UC_R_1
3857_5,0.6994714,0,0,05-MNP,HS7_UC_R_1
3896_5,1.5239018,0,0,05-MNP,HS7_UC_R_1
3978_5,0.0,0,0,05-MNP,HS7_UC_R_1
4020_5,0.0,0,0,05-MNP,HS7_UC_R_1
4029_5,1.1879485,0,0,05-MNP,HS7_UC_R_1
4106_5,0.7174956,0,0,05-MNP,HS7_UC_R_1
4165_5,0.0,0,0,05-MNP,HS7_UC_R_1
4242_5,0.6961545,0,0,05-MNP,HS7_UC_R_1
4251_5,0.71367013,0,0,05-MNP,HS7_UC_R_1
4274_5,0.71763176,0,0,05-MNP,HS7_UC_R_1
4351_5,0.0,0,0,05-MNP,HS7_UC_R_1
16_6,0.7632952,0,0,05-MNP,HS8_UC_L_1
25_6,2.4056087,1,1,05B-MNP_activated_inf,HS8_UC_L_1
44_6,1.4181257,0,0,05-MNP,HS8_UC_L_1
51_6,0.80254316,0,0,05-MNP,HS8_UC_L_1
53_6,2.9126256,1,1,05B-MNP_activated_inf,HS8_UC_L_1
74_6,0.6361383,0,0,05-MNP,HS8_UC_L_1
86_6,0.72954446,0,0,05-MNP,HS8_UC_L_1
90_6,3.4319189,1,1,05B-MNP_activated_inf,HS8_UC_L_1
91_6,2.2525153,1,1,05B-MNP_activated_inf,HS8_UC_L_1
106_6,0.5958246,0,0,05-MNP,HS8_UC_L_1
112_6,0.0,0,0,05-MNP,HS8_UC_L_1
121_6,0.0,0,0,05-MNP,HS8_UC_L_1
141_6,2.8542883,1,1,05B-MNP_activated_inf,HS8_UC_L_1
150_6,0.76824635,0,0,05-MNP,HS8_UC_L_1
208_6,1.2897364,0,0,05-MNP,HS8_UC_L_1
212_6,1.415464,0,0,05-MNP,HS8_UC_L_1
224_6,2.5720642,1,1,05B-MNP_activated_inf,HS8_UC_L_1
225_6,1.2913113,0,0,05-MNP,HS8_UC_L_1
230_6,3.1471355,1,1,05B-MNP_activated_inf,HS8_UC_L_1
242_6,3.0014138,1,1,05B-MNP_activated_inf,HS8_UC_L_1
247_6,3.5325396,1,1,05B-MNP_activated_inf,HS8_UC_L_1
257_6,3.0299451,1,1,05B-MNP_activated_inf,HS8_UC_L_1
272_6,1.8344058,0,1,05-MNP,HS8_UC_L_1
278_6,1.2849083,0,0,05-MNP,HS8_UC_L_1
279_6,3.1223304,1,1,05B-MNP_activated_inf,HS8_UC_L_1
299_6,1.2755686,1,0,05B-MNP_activated_inf,HS8_UC_L_1
301_6,1.237235,0,0,05-MNP,HS8_UC_L_1
302_6,1.3662943,1,0,05B-MNP_activated_inf,HS8_UC_L_1
310_6,0.558879,0,0,05-MNP,HS8_UC_L_1
319_6,0.65881586,0,0,05-MNP,HS8_UC_L_1
324_6,0.6543261,0,0,05-MNP,HS8_UC_L_1
345_6,1.2714149,0,0,05-MNP,HS8_UC_L_1
350_6,3.5963452,1,1,05B-MNP_activated_inf,HS8_UC_L_1
367_6,1.1787101,1,0,05B-MNP_activated_inf,HS8_UC_L_1
401_6,0.0,0,0,05-MNP,HS8_UC_L_1
402_6,0.6389312,0,0,05-MNP,HS8_UC_L_1
446_6,3.2108014,1,1,05B-MNP_activated_inf,HS8_UC_L_1
461_6,2.3461497,1,1,05B-MNP_activated_inf,HS8_UC_L_1
485_6,0.0,0,0,05-MNP,HS8_UC_L_1
494_6,0.7543707,0,0,05-MNP,HS8_UC_L_1
496_6,0.60919994,0,0,05-MNP,HS8_UC_L_1
500_6,0.0,0,0,05-MNP,HS8_UC_L_1
515_6,1.9328403,1,1,05B-MNP_activated_inf,HS8_UC_L_1
537_6,1.9037523,1,1,05B-MNP_activated_inf,HS8_UC_L_1
558_6,3.4048169,1,1,05B-MNP_activated_inf,HS8_UC_L_1
574_6,1.1978775,0,0,05-MNP,HS8_UC_L_1
582_6,1.2383947,0,0,05-MNP,HS8_UC_L_1
588_6,1.9206501,1,1,05B-MNP_activated_inf,HS8_UC_L_1
599_6,3.1436,1,1,05B-MNP_activated_inf,HS8_UC_L_1
606_6,2.1046112,1,1,05B-MNP_activated_inf,HS8_UC_L_1
618_6,0.6865849,1,0,05B-MNP_activated_inf,HS8_UC_L_1
656_6,1.2066752,0,0,05-MNP,HS8_UC_L_1
665_6,3.5329976,1,1,05B-MNP_activated_inf,HS8_UC_L_1
700_6,1.4710461,1,0,05B-MNP_activated_inf,HS8_UC_L_1
702_6,3.1486838,1,1,05B-MNP_activated_inf,HS8_UC_L_1
703_6,0.64596945,1,0,05B-MNP_activated_inf,HS8_UC_L_1
721_6,0.0,0,0,05-MNP,HS8_UC_L_1
730_6,1.9100801,1,1,05B-MNP_activated_inf,HS8_UC_L_1
747_6,1.7623838,0,1,05-MNP,HS8_UC_L_1
754_6,2.5535662,1,1,05B-MNP_activated_inf,HS8_UC_L_1
770_6,3.3155787,1,1,05B-MNP_activated_inf,HS8_UC_L_1
774_6,1.4213892,0,0,05-MNP,HS8_UC_L_1
789_6,0.7731431,0,0,05-MNP,HS8_UC_L_1
792_6,2.296781,1,1,05B-MNP_activated_inf,HS8_UC_L_1
798_6,2.136328,1,1,05B-MNP_activated_inf,HS8_UC_L_1
810_6,2.0095284,1,1,05B-MNP_activated_inf,HS8_UC_L_1
822_6,0.7028079,0,0,05-MNP,HS8_UC_L_1
846_6,2.7144783,1,1,05B-MNP_activated_inf,HS8_UC_L_1
908_6,2.9379761,1,1,05B-MNP_activated_inf,HS8_UC_L_1
932_6,0.0,0,0,05-MNP,HS8_UC_L_1
937_6,3.0948665,1,1,05B-MNP_activated_inf,HS8_UC_L_1
944_6,1.3415042,0,0,05-MNP,HS8_UC_L_1
970_6,1.3187119,1,0,05B-MNP_activated_inf,HS8_UC_L_1
980_6,3.1279302,1,1,05B-MNP_activated_inf,HS8_UC_L_1
988_6,2.83225,1,1,05B-MNP_activated_inf,HS8_UC_L_1
999_6,2.6376686,1,1,05B-MNP_activated_inf,HS8_UC_L_1
1017_6,2.010532,0,1,05-MNP,HS8_UC_L_1
1042_6,0.0,0,0,05-MNP,HS8_UC_L_1
1053_6,0.7166627,0,0,05-MNP,HS8_UC_L_1
1078_6,1.2380527,0,0,05-MNP,HS8_UC_L_1
1213_6,0.57548195,0,0,05-MNP,HS8_UC_L_1
1237_6,0.60510105,1,0,05B-MNP_activated_inf,HS8_UC_L_1
1265_6,1.3308917,0,0,05-MNP,HS8_UC_L_1
1281_6,1.2135421,0,0,05-MNP,HS8_UC_L_1
1313_6,0.5950861,0,0,05-MNP,HS8_UC_L_1
1366_6,0.71461666,0,0,05-MNP,HS8_UC_L_1
1373_6,3.0065155,1,1,05B-MNP_activated_inf,HS8_UC_L_1
1374_6,1.3900605,0,0,05-MNP,HS8_UC_L_1
1375_6,1.3670019,0,0,05-MNP,HS8_UC_L_1
1399_6,1.9371759,1,1,05B-MNP_activated_inf,HS8_UC_L_1
1436_6,0.7179467,0,0,05-MNP,HS8_UC_L_1
1519_6,0.0,0,0,05-MNP,HS8_UC_L_1
1532_6,2.1749353,1,1,05B-MNP_activated_inf,HS8_UC_L_1
1535_6,1.6887931,0,1,05-MNP,HS8_UC_L_1
1555_6,0.7423435,0,0,05-MNP,HS8_UC_L_1
1557_6,1.7447662,1,1,05B-MNP_activated_inf,HS8_UC_L_1
1611_6,2.0095522,1,1,05B-MNP_activated_inf,HS8_UC_L_1
1620_6,2.6206703,1,1,05B-MNP_activated_inf,HS8_UC_L_1
1627_6,0.6565811,0,0,05-MNP,HS8_UC_L_1
1666_6,2.2508671,1,1,05B-MNP_activated_inf,HS8_UC_L_1
1733_6,1.9416379,1,1,05B-MNP_activated_inf,HS8_UC_L_1
1749_6,0.6523409,0,0,05-MNP,HS8_UC_L_1
1813_6,1.3527205,0,0,05-MNP,HS8_UC_L_1
1824_6,0.6588906,0,0,05-MNP,HS8_UC_L_1
1906_6,0.6734494,0,0,05-MNP,HS8_UC_L_1
1913_6,0.66613674,0,0,05-MNP,HS8_UC_L_1
1929_6,1.3430432,0,0,05-MNP,HS8_UC_L_1
2052_6,1.7840449,0,1,05-MNP,HS8_UC_L_1
2121_6,0.73165137,1,0,05B-MNP_activated_inf,HS8_UC_L_1
2136_6,1.3227502,0,0,05-MNP,HS8_UC_L_1
2156_6,1.9935807,0,1,05-MNP,HS8_UC_L_1
2289_6,1.9798723,0,1,05-MNP,HS8_UC_L_1
2356_6,3.153405,1,1,05B-MNP_activated_inf,HS8_UC_L_1
2388_6,1.7683079,1,1,05B-MNP_activated_inf,HS8_UC_L_1
2509_6,2.088163,1,1,05B-MNP_activated_inf,HS8_UC_L_1
2537_6,2.6685252,1,1,05B-MNP_activated_inf,HS8_UC_L_1
2545_6,2.4686246,1,1,05B-MNP_activated_inf,HS8_UC_L_1
2569_6,0.73856056,0,0,05-MNP,HS8_UC_L_1
2575_6,1.650052,1,1,05B-MNP_activated_inf,HS8_UC_L_1
2621_6,1.3061426,0,0,05-MNP,HS8_UC_L_1
2679_6,1.2491113,0,0,05-MNP,HS8_UC_L_1
2697_6,3.3162646,1,1,05B-MNP_activated_inf,HS8_UC_L_1
2721_6,2.4768932,1,1,05B-MNP_activated_inf,HS8_UC_L_1
2752_6,0.7275577,0,0,05-MNP,HS8_UC_L_1
2805_6,0.71900135,1,0,05B-MNP_activated_inf,HS8_UC_L_1
2819_6,0.72439444,0,0,05-MNP,HS8_UC_L_1
2835_6,0.0,0,0,05-MNP,HS8_UC_L_1
2882_6,2.6964772,1,1,05B-MNP_activated_inf,HS8_UC_L_1
2885_6,2.6503358,1,1,05B-MNP_activated_inf,HS8_UC_L_1
2895_6,0.70738894,0,0,05-MNP,HS8_UC_L_1
2903_6,3.2991185,1,1,05B-MNP_activated_inf,HS8_UC_L_1
2908_6,2.4174466,1,1,05B-MNP_activated_inf,HS8_UC_L_1
2915_6,2.263601,1,1,05B-MNP_activated_inf,HS8_UC_L_1
2954_6,2.6392503,1,1,05B-MNP_activated_inf,HS8_UC_L_1
3005_6,1.4576819,0,0,05-MNP,HS8_UC_L_1
3033_6,0.6589996,0,0,05-MNP,HS8_UC_L_1
3073_6,0.0,0,0,05-MNP,HS8_UC_L_1
3113_6,1.7526922,0,1,05-MNP,HS8_UC_L_1
3120_6,1.353699,0,0,05-MNP,HS8_UC_L_1
3123_6,2.534885,1,1,05B-MNP_activated_inf,HS8_UC_L_1
3174_6,3.6329136,1,1,05B-MNP_activated_inf,HS8_UC_L_1
3226_6,2.1662145,1,1,05B-MNP_activated_inf,HS8_UC_L_1
3272_6,2.7998538,1,1,05B-MNP_activated_inf,HS8_UC_L_1
3284_6,2.2115676,1,1,05B-MNP_activated_inf,HS8_UC_L_1
3287_6,1.5515863,0,0,05-MNP,HS8_UC_L_1
3337_6,2.248073,1,1,05B-MNP_activated_inf,HS8_UC_L_1
3388_6,0.0,0,0,05-MNP,HS8_UC_L_1
3435_6,0.72721684,1,0,05B-MNP_activated_inf,HS8_UC_L_1
3442_6,2.2041442,1,1,05B-MNP_activated_inf,HS8_UC_L_1
3466_6,0.0,0,0,05-MNP,HS8_UC_L_1
3473_6,0.0,0,0,05-MNP,HS8_UC_L_1
3493_6,0.0,0,0,05-MNP,HS8_UC_L_1
3539_6,0.0,0,0,05-MNP,HS8_UC_L_1
3541_6,3.7296853,1,1,05B-MNP_activated_inf,HS8_UC_L_1
3549_6,1.3167335,0,0,05-MNP,HS8_UC_L_1
3558_6,2.0633616,1,1,05B-MNP_activated_inf,HS8_UC_L_1
3595_6,0.0,0,0,05-MNP,HS8_UC_L_1
3603_6,1.3042372,0,0,05-MNP,HS8_UC_L_1
3613_6,2.1659544,1,1,05B-MNP_activated_inf,HS8_UC_L_1
3625_6,2.098988,1,1,05B-MNP_activated_inf,HS8_UC_L_1
3628_6,0.660616,0,0,05-MNP,HS8_UC_L_1
3710_6,0.0,0,0,05-MNP,HS8_UC_L_1
3765_6,0.6501336,0,0,05-MNP,HS8_UC_L_1
3775_6,0.76968974,0,0,05-MNP,HS8_UC_L_1
3778_6,0.6666974,0,0,05-MNP,HS8_UC_L_1
3781_6,0.0,0,0,05-MNP,HS8_UC_L_1
3801_6,0.68693894,0,0,05-MNP,HS8_UC_L_1
3855_6,0.73236287,0,0,05-MNP,HS8_UC_L_1
3869_6,0.6978564,0,0,05-MNP,HS8_UC_L_1
3875_6,1.2214693,0,0,05-MNP,HS8_UC_L_1
3903_6,3.3642142,1,1,05B-MNP_activated_inf,HS8_UC_L_1
3917_6,0.0,0,0,05-MNP,HS8_UC_L_1
3921_6,0.70240694,0,0,05-MNP,HS8_UC_L_1
3932_6,0.7167249,0,0,05-MNP,HS8_UC_L_1
3964_6,0.7962805,0,0,05-MNP,HS8_UC_L_1
3974_6,0.0,0,0,05-MNP,HS8_UC_L_1
4003_6,0.0,0,0,05-MNP,HS8_UC_L_1
4004_6,0.69285643,0,0,05-MNP,HS8_UC_L_1
4005_6,1.5102608,0,0,05-MNP,HS8_UC_L_1
4074_6,0.7633601,0,0,05-MNP,HS8_UC_L_1
4077_6,0.6398882,0,0,05-MNP,HS8_UC_L_1
4098_6,1.822713,1,1,05B-MNP_activated_inf,HS8_UC_L_1
4113_6,0.7399944,0,0,05-MNP,HS8_UC_L_1
4117_6,1.532526,0,0,05-MNP,HS8_UC_L_1
4208_6,0.0,0,0,05-MNP,HS8_UC_L_1
4225_6,1.5116087,0,0,05-MNP,HS8_UC_L_1
4250_6,2.4046566,1,1,05B-MNP_activated_inf,HS8_UC_L_1
4297_6,0.78191537,0,0,05-MNP,HS8_UC_L_1
4400_6,1.460971,0,0,05-MNP,HS8_UC_L_1
4438_6,1.7182007,1,1,05B-MNP_activated_inf,HS8_UC_L_1
4482_6,2.0435047,1,1,05B-MNP_activated_inf,HS8_UC_L_1
4483_6,0.62018937,0,0,05-MNP,HS8_UC_L_1
4505_6,1.3606611,0,0,05-MNP,HS8_UC_L_1
4527_6,0.7676088,0,0,05-MNP,HS8_UC_L_1
4605_6,2.534394,1,1,05B-MNP_activated_inf,HS8_UC_L_1
4668_6,0.73427665,0,0,05-MNP,HS8_UC_L_1
4673_6,2.286802,0,1,05-MNP,HS8_UC_L_1
4721_6,0.5853733,0,0,05-MNP,HS8_UC_L_1
4752_6,0.6097177,0,0,05-MNP,HS8_UC_L_1
4758_6,2.20567,1,1,05B-MNP_activated_inf,HS8_UC_L_1
4798_6,1.218295,1,0,05B-MNP_activated_inf,HS8_UC_L_1
4799_6,1.4030304,1,0,05B-MNP_activated_inf,HS8_UC_L_1
4844_6,1.4192806,0,0,05-MNP,HS8_UC_L_1
4849_6,0.63694614,0,0,05-MNP,HS8_UC_L_1
4871_6,1.3594106,0,0,05-MNP,HS8_UC_L_1
4874_6,0.5939334,0,0,05-MNP,HS8_UC_L_1
4895_6,0.0,1,0,05B-MNP_activated_inf,HS8_UC_L_1
4905_6,0.0,0,0,05-MNP,HS8_UC_L_1
4920_6,1.4822091,1,0,05B-MNP_activated_inf,HS8_UC_L_1
4927_6,0.76266056,0,0,05-MNP,HS8_UC_L_1
4931_6,2.3477054,1,1,05B-MNP_activated_inf,HS8_UC_L_1
4947_6,1.4745314,0,0,05-MNP,HS8_UC_L_1
4997_6,1.6945223,0,1,05-MNP,HS8_UC_L_1
5005_6,0.70538956,0,0,05-MNP,HS8_UC_L_1
5009_6,1.1403766,1,0,05B-MNP_activated_inf,HS8_UC_L_1
5012_6,1.5276023,0,0,05-MNP,HS8_UC_L_1
5019_6,2.006069,0,1,05-MNP,HS8_UC_L_1
5099_6,0.0,0,0,05-MNP,HS8_UC_L_1
5160_6,0.0,0,0,05-MNP,HS8_UC_L_1
5283_6,1.5094327,0,0,05-MNP,HS8_UC_L_1
5331_6,1.9561411,1,1,05B-MNP_activated_inf,HS8_UC_L_1
5415_6,1.8545638,1,1,05B-MNP_activated_inf,HS8_UC_L_1
5506_6,1.2056607,0,0,05-MNP,HS8_UC_L_1
5539_6,1.8536549,1,1,05B-MNP_activated_inf,HS8_UC_L_1
5600_6,0.701253,0,0,05-MNP,HS8_UC_L_1
5637_6,2.0585535,0,1,05-MNP,HS8_UC_L_1
5645_6,1.384251,0,0,05-MNP,HS8_UC_L_1
5682_6,1.4996213,1,0,05B-MNP_activated_inf,HS8_UC_L_1
5687_6,2.5382192,1,1,05B-MNP_activated_inf,HS8_UC_L_1
5702_6,0.7065628,0,0,05-MNP,HS8_UC_L_1
5714_6,3.1090186,1,1,05B-MNP_activated_inf,HS8_UC_L_1
5745_6,1.8147199,0,1,05-MNP,HS8_UC_L_1
5778_6,1.5108045,1,0,05B-MNP_activated_inf,HS8_UC_L_1
5779_6,0.69840086,0,0,05-MNP,HS8_UC_L_1
5780_6,1.4016942,1,0,05B-MNP_activated_inf,HS8_UC_L_1
5789_6,4.2901063,1,1,05B-MNP_activated_inf,HS8_UC_L_1
5791_6,1.8385761,1,1,05B-MNP_activated_inf,HS8_UC_L_1
5796_6,0.72138816,0,0,05-MNP,HS8_UC_L_1
5811_6,1.421752,0,0,05-MNP,HS8_UC_L_1
5836_6,0.0,0,0,05-MNP,HS8_UC_L_1
5851_6,0.74056846,0,0,05-MNP,HS8_UC_L_1
5878_6,1.3176318,0,0,05-MNP,HS8_UC_L_1
5895_6,3.6076496,1,1,05B-MNP_activated_inf,HS8_UC_L_1
5936_6,3.2623944,1,1,05B-MNP_activated_inf,HS8_UC_L_1
5954_6,0.7357462,1,0,05B-MNP_activated_inf,HS8_UC_L_1
5957_6,0.0,0,0,05-MNP,HS8_UC_L_1
5969_6,1.420709,0,0,05-MNP,HS8_UC_L_1
5974_6,2.2197156,1,1,05B-MNP_activated_inf,HS8_UC_L_1
6090_6,3.033392,1,1,05B-MNP_activated_inf,HS8_UC_L_1
6091_6,0.0,0,0,05-MNP,HS8_UC_L_1
6132_6,2.636729,1,1,05B-MNP_activated_inf,HS8_UC_L_1
6133_6,0.0,0,0,05-MNP,HS8_UC_L_1
6139_6,0.7277641,0,0,05-MNP,HS8_UC_L_1
6190_6,1.4001749,0,0,05-MNP,HS8_UC_L_1
6242_6,1.3949729,0,0,05-MNP,HS8_UC_L_1
72_9,0.0,0,0,05-MNP,HS10_VDZ_L_1
118_9,2.8144534,1,1,05B-MNP_activated_inf,HS10_VDZ_L_1
156_9,0.0,0,0,05-MNP,HS10_VDZ_L_1
164_9,0.6094952,0,0,05-MNP,HS10_VDZ_L_1
173_9,1.23102,0,0,05-MNP,HS10_VDZ_L_1
186_9,1.6629755,1,1,05B-MNP_activated_inf,HS10_VDZ_L_1
197_9,0.7512494,0,0,05-MNP,HS10_VDZ_L_1
202_9,1.9912131,1,1,05B-MNP_activated_inf,HS10_VDZ_L_1
214_9,2.3378727,1,1,05B-MNP_activated_inf,HS10_VDZ_L_1
232_9,0.6492578,0,0,05-MNP,HS10_VDZ_L_1
287_9,2.327732,1,1,05B-MNP_activated_inf,HS10_VDZ_L_1
296_9,0.0,0,0,05-MNP,HS10_VDZ_L_1
303_9,2.6826992,1,1,05B-MNP_activated_inf,HS10_VDZ_L_1
309_9,1.1951193,0,0,05-MNP,HS10_VDZ_L_1
315_9,1.7566036,1,1,05B-MNP_activated_inf,HS10_VDZ_L_1
317_9,2.9101925,1,1,05B-MNP_activated_inf,HS10_VDZ_L_1
318_9,1.2194977,0,0,05-MNP,HS10_VDZ_L_1
334_9,1.2869025,0,0,05-MNP,HS10_VDZ_L_1
354_9,1.3492934,0,0,05-MNP,HS10_VDZ_L_1
357_9,1.7690716,0,1,05-MNP,HS10_VDZ_L_1
360_9,1.2670871,0,0,05-MNP,HS10_VDZ_L_1
365_9,1.8783109,0,1,05-MNP,HS10_VDZ_L_1
370_9,3.5542476,1,1,05B-MNP_activated_inf,HS10_VDZ_L_1
390_9,1.3590851,1,0,05B-MNP_activated_inf,HS10_VDZ_L_1
410_9,1.403265,0,0,05-MNP,HS10_VDZ_L_1
416_9,0.6743103,0,0,05-MNP,HS10_VDZ_L_1
434_9,1.3784891,1,0,05B-MNP_activated_inf,HS10_VDZ_L_1
440_9,2.7885184,1,1,05B-MNP_activated_inf,HS10_VDZ_L_1
450_9,0.70305157,0,0,05-MNP,HS10_VDZ_L_1
456_9,2.494344,1,1,05B-MNP_activated_inf,HS10_VDZ_L_1
458_9,1.2905086,0,0,05-MNP,HS10_VDZ_L_1
477_9,1.3711655,1,0,05B-MNP_activated_inf,HS10_VDZ_L_1
478_9,1.9995918,0,1,05-MNP,HS10_VDZ_L_1
523_9,1.7033117,0,1,05-MNP,HS10_VDZ_L_1
540_9,1.1929743,0,0,05-MNP,HS10_VDZ_L_1
560_9,1.8053267,0,1,05-MNP,HS10_VDZ_L_1
595_9,0.589349,0,0,05-MNP,HS10_VDZ_L_1
605_9,0.6860654,0,0,05-MNP,HS10_VDZ_L_1
614_9,0.72786963,0,0,05-MNP,HS10_VDZ_L_1
673_9,2.1173043,0,1,05-MNP,HS10_VDZ_L_1
679_9,1.2702798,0,0,05-MNP,HS10_VDZ_L_1
694_9,1.7779173,0,1,05-MNP,HS10_VDZ_L_1
830_9,0.65656537,0,0,05-MNP,HS10_VDZ_L_1
840_9,0.0,0,0,05-MNP,HS10_VDZ_L_1
850_9,0.0,0,0,05-MNP,HS10_VDZ_L_1
859_9,1.6687719,1,1,05B-MNP_activated_inf,HS10_VDZ_L_1
871_9,1.2859633,1,0,05B-MNP_activated_inf,HS10_VDZ_L_1
880_9,1.9407613,0,1,05-MNP,HS10_VDZ_L_1
955_9,0.6037286,0,0,05-MNP,HS10_VDZ_L_1
1030_9,1.182603,0,0,05-MNP,HS10_VDZ_L_1
1056_9,0.0,0,0,05-MNP,HS10_VDZ_L_1
1067_9,1.8973154,0,1,05-MNP,HS10_VDZ_L_1
1114_9,1.2085642,0,0,05-MNP,HS10_VDZ_L_1
1161_9,2.4781134,1,1,05B-MNP_activated_inf,HS10_VDZ_L_1
1175_9,1.9024897,1,1,05B-MNP_activated_inf,HS10_VDZ_L_1
1348_9,0.6153752,0,0,05-MNP,HS10_VDZ_L_1
1356_9,1.2051773,0,0,05-MNP,HS10_VDZ_L_1
1369_9,1.1457242,0,0,05-MNP,HS10_VDZ_L_1
1403_9,0.7127095,0,0,05-MNP,HS10_VDZ_L_1
1409_9,1.8126329,0,1,05-MNP,HS10_VDZ_L_1
1410_9,0.7264187,0,0,05-MNP,HS10_VDZ_L_1
1417_9,0.6703448,0,0,05-MNP,HS10_VDZ_L_1
1420_9,1.182061,0,0,05-MNP,HS10_VDZ_L_1
1424_9,0.0,0,0,05-MNP,HS10_VDZ_L_1
1430_9,1.1354116,0,0,05-MNP,HS10_VDZ_L_1
1449_9,1.8273609,0,1,05-MNP,HS10_VDZ_L_1
1467_9,0.0,0,0,05-MNP,HS10_VDZ_L_1
1476_9,0.6185018,0,0,05-MNP,HS10_VDZ_L_1
1487_9,1.1475779,0,0,05-MNP,HS10_VDZ_L_1
1496_9,0.6542283,0,0,05-MNP,HS10_VDZ_L_1
1513_9,1.2009547,0,0,05-MNP,HS10_VDZ_L_1
1524_9,2.576112,1,1,05B-MNP_activated_inf,HS10_VDZ_L_1
1539_9,1.1714519,0,0,05-MNP,HS10_VDZ_L_1
1543_9,0.6591588,0,0,05-MNP,HS10_VDZ_L_1
1549_9,2.1381361,1,1,05B-MNP_activated_inf,HS10_VDZ_L_1
1573_9,2.179784,0,1,05-MNP,HS10_VDZ_L_1
1575_9,0.6873075,0,0,05-MNP,HS10_VDZ_L_1
1576_9,1.174597,0,0,05-MNP,HS10_VDZ_L_1
1589_9,1.7046833,0,1,05-MNP,HS10_VDZ_L_1
1590_9,1.1261169,0,0,05-MNP,HS10_VDZ_L_1
1592_9,1.2037475,0,0,05-MNP,HS10_VDZ_L_1
1595_9,1.1511,0,0,05-MNP,HS10_VDZ_L_1
1622_9,0.69964725,0,0,05-MNP,HS10_VDZ_L_1
1623_9,0.6758151,0,0,05-MNP,HS10_VDZ_L_1
1647_9,2.2636847,1,1,05B-MNP_activated_inf,HS10_VDZ_L_1
1661_9,2.4916656,1,1,05B-MNP_activated_inf,HS10_VDZ_L_1
1662_9,2.1989172,0,1,05-MNP,HS10_VDZ_L_1
1671_9,1.267353,0,0,05-MNP,HS10_VDZ_L_1
1672_9,0.6184031,0,0,05-MNP,HS10_VDZ_L_1
1679_9,1.8880512,1,1,05B-MNP_activated_inf,HS10_VDZ_L_1
1688_9,0.6750739,0,0,05-MNP,HS10_VDZ_L_1
1710_9,1.2608184,0,0,05-MNP,HS10_VDZ_L_1
1715_9,0.67405766,0,0,05-MNP,HS10_VDZ_L_1
1727_9,0.726942,0,0,05-MNP,HS10_VDZ_L_1
1754_9,1.820116,1,1,05B-MNP_activated_inf,HS10_VDZ_L_1
1771_9,1.1346645,0,0,05-MNP,HS10_VDZ_L_1
1785_9,0.66125953,0,0,05-MNP,HS10_VDZ_L_1
1802_9,1.8325453,0,1,05-MNP,HS10_VDZ_L_1
1814_9,2.3919663,1,1,05B-MNP_activated_inf,HS10_VDZ_L_1
1816_9,0.6991963,0,0,05-MNP,HS10_VDZ_L_1
1856_9,0.0,0,0,05-MNP,HS10_VDZ_L_1
1866_9,0.65680027,0,0,05-MNP,HS10_VDZ_L_1
1934_9,0.0,0,0,05-MNP,HS10_VDZ_L_1
1948_9,1.4590789,0,0,05-MNP,HS10_VDZ_L_1
1969_9,0.7222906,0,0,05-MNP,HS10_VDZ_L_1
1971_9,2.235298,1,1,05B-MNP_activated_inf,HS10_VDZ_L_1
1976_9,1.1643522,0,0,05-MNP,HS10_VDZ_L_1
2031_9,0.6361828,0,0,05-MNP,HS10_VDZ_L_1
2041_9,2.3304098,1,1,05B-MNP_activated_inf,HS10_VDZ_L_1
2044_9,0.0,0,0,05-MNP,HS10_VDZ_L_1
2064_9,1.3741683,0,0,05-MNP,HS10_VDZ_L_1
2067_9,2.3098903,0,1,05-MNP,HS10_VDZ_L_1
2068_9,0.67169267,0,0,05-MNP,HS10_VDZ_L_1
2076_9,2.4775271,0,1,05-MNP,HS10_VDZ_L_1
2109_9,1.8703146,0,1,05-MNP,HS10_VDZ_L_1
2122_9,0.698809,0,0,05-MNP,HS10_VDZ_L_1
2131_9,1.3502649,1,0,05B-MNP_activated_inf,HS10_VDZ_L_1
2168_9,1.2339967,0,0,05-MNP,HS10_VDZ_L_1
2170_9,0.70272154,0,0,05-MNP,HS10_VDZ_L_1
2172_9,2.2013128,0,1,05-MNP,HS10_VDZ_L_1
2174_9,0.0,0,0,05-MNP,HS10_VDZ_L_1
2180_9,1.8880119,1,1,05B-MNP_activated_inf,HS10_VDZ_L_1
2188_9,2.343457,1,1,05B-MNP_activated_inf,HS10_VDZ_L_1
2196_9,3.1236405,1,1,05B-MNP_activated_inf,HS10_VDZ_L_1
2223_9,0.6853439,0,0,05-MNP,HS10_VDZ_L_1
2251_9,2.5663826,0,1,05-MNP,HS10_VDZ_L_1
2259_9,1.8849055,0,1,05-MNP,HS10_VDZ_L_1
2262_9,2.0188582,1,1,05B-MNP_activated_inf,HS10_VDZ_L_1
2263_9,2.3511388,1,1,05B-MNP_activated_inf,HS10_VDZ_L_1
2269_9,1.3106204,0,0,05-MNP,HS10_VDZ_L_1
2272_9,1.8872898,1,1,05B-MNP_activated_inf,HS10_VDZ_L_1
2274_9,1.9491416,0,1,05-MNP,HS10_VDZ_L_1
2281_9,2.4482293,1,1,05B-MNP_activated_inf,HS10_VDZ_L_1
2292_9,2.3101325,1,1,05B-MNP_activated_inf,HS10_VDZ_L_1
2293_9,3.1399286,1,1,05B-MNP_activated_inf,HS10_VDZ_L_1
2304_9,0.67324084,0,0,05-MNP,HS10_VDZ_L_1
2316_9,2.0739076,0,1,05-MNP,HS10_VDZ_L_1
2398_9,2.4497025,0,1,05-MNP,HS10_VDZ_L_1
2410_9,0.0,0,0,05-MNP,HS10_VDZ_L_1
2416_9,0.624669,0,0,05-MNP,HS10_VDZ_L_1
2426_9,1.3093294,0,0,05-MNP,HS10_VDZ_L_1
2449_9,1.3068742,0,0,05-MNP,HS10_VDZ_L_1
2466_9,1.2613405,0,0,05-MNP,HS10_VDZ_L_1
2468_9,0.77152956,0,0,05-MNP,HS10_VDZ_L_1
2479_9,0.6928649,0,0,05-MNP,HS10_VDZ_L_1
2484_9,1.2922637,0,0,05-MNP,HS10_VDZ_L_1
2486_9,0.0,0,0,05-MNP,HS10_VDZ_L_1
2513_9,2.4862,1,1,05B-MNP_activated_inf,HS10_VDZ_L_1
2515_9,1.9947215,0,1,05-MNP,HS10_VDZ_L_1
2520_9,2.2633443,1,1,05B-MNP_activated_inf,HS10_VDZ_L_1
2528_9,1.8014183,0,1,05-MNP,HS10_VDZ_L_1
2532_9,0.6785775,0,0,05-MNP,HS10_VDZ_L_1
2547_9,1.3335762,0,0,05-MNP,HS10_VDZ_L_1
2558_9,0.68431985,0,0,05-MNP,HS10_VDZ_L_1
2585_9,1.1865207,0,0,05-MNP,HS10_VDZ_L_1
2601_9,1.1707246,0,0,05-MNP,HS10_VDZ_L_1
2602_9,0.7641775,0,0,05-MNP,HS10_VDZ_L_1
2618_9,0.0,0,0,05-MNP,HS10_VDZ_L_1
2629_9,0.70694214,0,0,05-MNP,HS10_VDZ_L_1
2645_9,0.0,0,0,05-MNP,HS10_VDZ_L_1
2648_9,0.0,0,0,05-MNP,HS10_VDZ_L_1
2649_9,0.7232491,0,0,05-MNP,HS10_VDZ_L_1
2699_9,1.3554881,1,0,05B-MNP_activated_inf,HS10_VDZ_L_1
2726_9,0.6811635,0,0,05-MNP,HS10_VDZ_L_1
2734_9,0.733633,0,0,05-MNP,HS10_VDZ_L_1
2737_9,1.1468718,1,0,05B-MNP_activated_inf,HS10_VDZ_L_1
2751_9,0.64468914,0,0,05-MNP,HS10_VDZ_L_1
2755_9,0.0,0,0,05-MNP,HS10_VDZ_L_1
2765_9,1.4035203,0,0,05-MNP,HS10_VDZ_L_1
2815_9,0.6816932,0,0,05-MNP,HS10_VDZ_L_1
2816_9,0.7758054,0,0,05-MNP,HS10_VDZ_L_1
2893_9,0.62325066,0,0,05-MNP,HS10_VDZ_L_1
2943_9,0.62359905,0,0,05-MNP,HS10_VDZ_L_1
2990_9,0.7293018,0,0,05-MNP,HS10_VDZ_L_1
2995_9,0.0,0,0,05-MNP,HS10_VDZ_L_1
3003_9,0.0,0,0,05-MNP,HS10_VDZ_L_1
3004_9,0.73135996,0,0,05-MNP,HS10_VDZ_L_1
3054_9,1.2220259,0,0,05-MNP,HS10_VDZ_L_1
3086_9,1.217375,0,0,05-MNP,HS10_VDZ_L_1
3100_9,0.72459334,0,0,05-MNP,HS10_VDZ_L_1
3111_9,0.0,0,0,05-MNP,HS10_VDZ_L_1
3121_9,1.1938773,1,0,05B-MNP_activated_inf,HS10_VDZ_L_1
3124_9,0.5835499,0,0,05-MNP,HS10_VDZ_L_1
3130_9,1.3236607,1,0,05B-MNP_activated_inf,HS10_VDZ_L_1
3182_9,0.0,0,0,05-MNP,HS10_VDZ_L_1
3226_9,0.0,0,0,05-MNP,HS10_VDZ_L_1
3228_9,1.9468727,1,1,05B-MNP_activated_inf,HS10_VDZ_L_1
3231_9,1.7977936,0,1,05-MNP,HS10_VDZ_L_1
3334_9,1.7762996,0,1,05-MNP,HS10_VDZ_L_1
3360_9,0.7091183,0,0,05-MNP,HS10_VDZ_L_1
3366_9,1.8343803,0,1,05-MNP,HS10_VDZ_L_1
3385_9,0.65551704,1,0,05B-MNP_activated_inf,HS10_VDZ_L_1
3401_9,0.0,0,0,05-MNP,HS10_VDZ_L_1
3410_9,0.0,0,0,05-MNP,HS10_VDZ_L_1
3428_9,2.3138616,1,1,05B-MNP_activated_inf,HS10_VDZ_L_1
3432_9,0.7006746,0,0,05-MNP,HS10_VDZ_L_1
3444_9,0.0,0,0,05-MNP,HS10_VDZ_L_1
3445_9,0.73694694,0,0,05-MNP,HS10_VDZ_L_1
3453_9,0.7380585,0,0,05-MNP,HS10_VDZ_L_1
3474_9,1.4927508,0,0,05-MNP,HS10_VDZ_L_1
3486_9,0.0,0,0,05-MNP,HS10_VDZ_L_1
3501_9,0.66434306,1,0,05B-MNP_activated_inf,HS10_VDZ_L_1
3522_9,1.4545032,0,0,05-MNP,HS10_VDZ_L_1
3525_9,0.0,0,0,05-MNP,HS10_VDZ_L_1
3535_9,1.2841709,0,0,05-MNP,HS10_VDZ_L_1
3549_9,0.0,0,0,05-MNP,HS10_VDZ_L_1
3556_9,1.3192767,0,0,05-MNP,HS10_VDZ_L_1
3608_9,0.7749699,0,0,05-MNP,HS10_VDZ_L_1
3621_9,0.0,0,0,05-MNP,HS10_VDZ_L_1
3623_9,0.7545562,0,0,05-MNP,HS10_VDZ_L_1
3642_9,1.3215147,0,0,05-MNP,HS10_VDZ_L_1
3647_9,1.3363811,1,0,05B-MNP_activated_inf,HS10_VDZ_L_1
3656_9,0.0,0,0,05-MNP,HS10_VDZ_L_1
3661_9,1.3801253,0,0,05-MNP,HS10_VDZ_L_1
3667_9,0.0,0,0,05-MNP,HS10_VDZ_L_1
3673_9,1.4999484,1,0,05B-MNP_activated_inf,HS10_VDZ_L_1
3688_9,1.8978144,0,1,05-MNP,HS10_VDZ_L_1
3691_9,2.0739567,1,1,05B-MNP_activated_inf,HS10_VDZ_L_1
3703_9,0.6339737,0,0,05-MNP,HS10_VDZ_L_1
3709_9,0.7346737,0,0,05-MNP,HS10_VDZ_L_1
3721_9,0.66237646,0,0,05-MNP,HS10_VDZ_L_1
3726_9,0.6204277,0,0,05-MNP,HS10_VDZ_L_1
3728_9,0.7210365,0,0,05-MNP,HS10_VDZ_L_1
3738_9,1.7772411,0,1,05-MNP,HS10_VDZ_L_1
3752_9,1.3209845,0,0,05-MNP,HS10_VDZ_L_1
3758_9,0.7169753,0,0,05-MNP,HS10_VDZ_L_1
3775_9,0.69968814,0,0,05-MNP,HS10_VDZ_L_1
3788_9,1.1842622,0,0,05-MNP,HS10_VDZ_L_1
3789_9,0.0,0,0,05-MNP,HS10_VDZ_L_1
3790_9,0.65628624,0,0,05-MNP,HS10_VDZ_L_1
3801_9,0.7519946,0,0,05-MNP,HS10_VDZ_L_1
3802_9,0.7062425,0,0,05-MNP,HS10_VDZ_L_1
3803_9,1.2560068,0,0,05-MNP,HS10_VDZ_L_1
3806_9,1.8578966,0,1,05-MNP,HS10_VDZ_L_1
3817_9,0.70718247,0,0,05-MNP,HS10_VDZ_L_1
3820_9,1.1172097,0,0,05-MNP,HS10_VDZ_L_1
3829_9,0.6836861,0,0,05-MNP,HS10_VDZ_L_1
3836_9,0.6548479,0,0,05-MNP,HS10_VDZ_L_1
3837_9,1.8435014,1,1,05B-MNP_activated_inf,HS10_VDZ_L_1
3840_9,1.9490956,0,1,05-MNP,HS10_VDZ_L_1
3854_9,1.711977,0,1,05-MNP,HS10_VDZ_L_1
3858_9,0.0,0,0,05-MNP,HS10_VDZ_L_1
3866_9,0.75275415,0,0,05-MNP,HS10_VDZ_L_1
3871_9,0.7007065,0,0,05-MNP,HS10_VDZ_L_1
3877_9,0.65219384,0,0,05-MNP,HS10_VDZ_L_1
3882_9,0.64841163,0,0,05-MNP,HS10_VDZ_L_1
3884_9,0.72647,0,0,05-MNP,HS10_VDZ_L_1
3891_9,2.133241,1,1,05B-MNP_activated_inf,HS10_VDZ_L_1
3892_9,0.73850375,0,0,05-MNP,HS10_VDZ_L_1
3902_9,0.66770214,1,0,05B-MNP_activated_inf,HS10_VDZ_L_1
3904_9,1.8501651,0,1,05-MNP,HS10_VDZ_L_1
3919_9,0.73532355,0,0,05-MNP,HS10_VDZ_L_1
3924_9,0.0,0,0,05-MNP,HS10_VDZ_L_1
3947_9,0.0,0,0,05-MNP,HS10_VDZ_L_1
3968_9,1.421765,0,0,05-MNP,HS10_VDZ_L_1
3999_9,0.73896414,0,0,05-MNP,HS10_VDZ_L_1
4014_9,1.8101441,0,1,05-MNP,HS10_VDZ_L_1
4019_9,1.3242295,0,0,05-MNP,HS10_VDZ_L_1
4037_9,0.72539234,0,0,05-MNP,HS10_VDZ_L_1
4061_9,0.0,0,0,05-MNP,HS10_VDZ_L_1
4074_9,0.0,0,0,05-MNP,HS10_VDZ_L_1
4077_9,0.73989093,0,0,05-MNP,HS10_VDZ_L_1
4107_9,0.6845369,0,0,05-MNP,HS10_VDZ_L_1
4114_9,0.7671079,0,0,05-MNP,HS10_VDZ_L_1
4116_9,0.7208744,0,0,05-MNP,HS10_VDZ_L_1
4137_9,1.4994248,0,0,05-MNP,HS10_VDZ_L_1
4140_9,1.3671159,0,0,05-MNP,HS10_VDZ_L_1
4146_9,1.8597928,0,1,05-MNP,HS10_VDZ_L_1
4148_9,0.69229394,0,0,05-MNP,HS10_VDZ_L_1
4153_9,0.70364124,0,0,05-MNP,HS10_VDZ_L_1
4156_9,0.0,0,0,05-MNP,HS10_VDZ_L_1
4159_9,0.8407823,0,0,05-MNP,HS10_VDZ_L_1
4161_9,1.3189481,0,0,05-MNP,HS10_VDZ_L_1
4167_9,0.60881513,0,0,05-MNP,HS10_VDZ_L_1
4170_9,0.7173834,0,0,05-MNP,HS10_VDZ_L_1
192_1,1.5189847,0,0,05-MNP,HS10_VDZ_R_0
217_1,0.71127075,0,0,05-MNP,HS10_VDZ_R_0
239_1,1.4595479,0,0,05-MNP,HS10_VDZ_R_0
298_1,0.6100028,0,0,05-MNP,HS10_VDZ_R_0
388_1,0.6943367,0,0,05-MNP,HS10_VDZ_R_0
554_1,0.8447625,0,0,05-MNP,HS10_VDZ_R_0
577_1,1.4748541,0,0,05-MNP,HS10_VDZ_R_0
616_1,0.787624,0,0,05-MNP,HS10_VDZ_R_0
625_1,2.0441413,1,1,05B-MNP_activated_inf,HS10_VDZ_R_0
628_1,1.561183,1,1,05B-MNP_activated_inf,HS10_VDZ_R_0
726_1,0.6444642,0,0,05-MNP,HS10_VDZ_R_0
794_1,0.0,0,0,05-MNP,HS10_VDZ_R_0
832_1,0.0,0,0,05-MNP,HS10_VDZ_R_0
864_1,1.3055998,0,0,05-MNP,HS10_VDZ_R_0
1095_1,1.1276187,1,0,05B-MNP_activated_inf,HS10_VDZ_R_0
1097_1,0.0,0,0,05-MNP,HS10_VDZ_R_0
1121_1,0.0,0,0,05-MNP,HS10_VDZ_R_0
1147_1,1.2506174,0,0,05-MNP,HS10_VDZ_R_0
1154_1,0.68245274,0,0,05-MNP,HS10_VDZ_R_0
1225_1,1.3600472,0,0,05-MNP,HS10_VDZ_R_0
1260_1,0.749047,0,0,05-MNP,HS10_VDZ_R_0
1304_1,1.3435928,0,0,05-MNP,HS10_VDZ_R_0
1330_1,1.3610405,0,0,05-MNP,HS10_VDZ_R_0
1378_1,0.0,0,0,05-MNP,HS10_VDZ_R_0
1392_1,0.70858467,1,0,05B-MNP_activated_inf,HS10_VDZ_R_0
1406_1,0.6860314,0,0,05-MNP,HS10_VDZ_R_0
1418_1,0.75033987,0,0,05-MNP,HS10_VDZ_R_0
1427_1,0.0,0,0,05-MNP,HS10_VDZ_R_0
1446_1,0.7090656,0,0,05-MNP,HS10_VDZ_R_0
1526_1,0.0,0,0,05-MNP,HS10_VDZ_R_0
1566_1,0.0,0,0,05-MNP,HS10_VDZ_R_0
1654_1,0.68347555,0,0,05-MNP,HS10_VDZ_R_0
1685_1,0.0,0,0,05-MNP,HS10_VDZ_R_0
1726_1,0.62859964,0,0,05-MNP,HS10_VDZ_R_0
1760_1,1.4980297,0,0,05-MNP,HS10_VDZ_R_0
1781_1,0.0,0,0,05-MNP,HS10_VDZ_R_0
1794_1,1.1866559,0,0,05-MNP,HS10_VDZ_R_0
1810_1,0.69945705,0,0,05-MNP,HS10_VDZ_R_0
1814_1,0.0,0,0,05-MNP,HS10_VDZ_R_0
1850_1,1.1737535,0,0,05-MNP,HS10_VDZ_R_0
1868_1,0.0,0,0,05-MNP,HS10_VDZ_R_0
1870_1,0.6158597,0,0,05-MNP,HS10_VDZ_R_0
1881_1,0.0,0,0,05-MNP,HS10_VDZ_R_0
1883_1,0.0,0,0,05-MNP,HS10_VDZ_R_0
1904_1,0.0,0,0,05-MNP,HS10_VDZ_R_0
1946_1,1.8410454,0,1,05-MNP,HS10_VDZ_R_0
1953_1,0.0,0,0,05-MNP,HS10_VDZ_R_0
1981_1,1.9098698,0,1,05-MNP,HS10_VDZ_R_0
2027_1,1.2912614,0,0,05-MNP,HS10_VDZ_R_0
2033_1,0.0,0,0,05-MNP,HS10_VDZ_R_0
2037_1,1.79571,0,1,05-MNP,HS10_VDZ_R_0
2068_1,1.9974687,0,1,05-MNP,HS10_VDZ_R_0
2145_1,0.68916595,1,0,05B-MNP_activated_inf,HS10_VDZ_R_0
2160_1,3.0785403,1,1,05B-MNP_activated_inf,HS10_VDZ_R_0
2217_1,1.6854837,0,1,05-MNP,HS10_VDZ_R_0
2289_1,0.56707263,0,0,05-MNP,HS10_VDZ_R_0
2307_1,0.0,0,0,05-MNP,HS10_VDZ_R_0
2329_1,0.6502671,0,0,05-MNP,HS10_VDZ_R_0
2337_1,1.9183856,0,1,05-MNP,HS10_VDZ_R_0
2359_1,0.0,0,0,05-MNP,HS10_VDZ_R_0
2367_1,1.9494095,1,1,05B-MNP_activated_inf,HS10_VDZ_R_0
2428_1,0.69798994,0,0,05-MNP,HS10_VDZ_R_0
2430_1,1.2312202,0,0,05-MNP,HS10_VDZ_R_0
2436_1,0.0,0,0,05-MNP,HS10_VDZ_R_0
2444_1,1.0762584,0,0,05-MNP,HS10_VDZ_R_0
2453_1,0.0,0,0,05-MNP,HS10_VDZ_R_0
2459_1,0.0,0,0,05-MNP,HS10_VDZ_R_0
2479_1,0.0,0,0,05-MNP,HS10_VDZ_R_0
2496_1,1.3191077,0,0,05-MNP,HS10_VDZ_R_0
2513_1,1.5062479,0,0,05-MNP,HS10_VDZ_R_0
2524_1,3.149116,1,1,05B-MNP_activated_inf,HS10_VDZ_R_0
2542_1,0.0,0,0,05-MNP,HS10_VDZ_R_0
2564_1,0.6779536,0,0,05-MNP,HS10_VDZ_R_0
2577_1,0.7070988,1,0,05B-MNP_activated_inf,HS10_VDZ_R_0
2604_1,0.0,0,0,05-MNP,HS10_VDZ_R_0
2616_1,0.71892303,0,0,05-MNP,HS10_VDZ_R_0
2633_1,1.7526695,1,1,05B-MNP_activated_inf,HS10_VDZ_R_0
2669_1,0.0,0,0,05-MNP,HS10_VDZ_R_0
2676_1,0.0,0,0,05-MNP,HS10_VDZ_R_0
2746_1,0.0,1,0,05B-MNP_activated_inf,HS10_VDZ_R_0
2777_1,3.1351943,1,1,05B-MNP_activated_inf,HS10_VDZ_R_0
2786_1,0.67464656,0,0,05-MNP,HS10_VDZ_R_0
2844_1,0.709441,1,0,05B-MNP_activated_inf,HS10_VDZ_R_0
2871_1,0.0,0,0,05-MNP,HS10_VDZ_R_0
2891_1,0.0,0,0,05-MNP,HS10_VDZ_R_0
2902_1,0.0,0,0,05-MNP,HS10_VDZ_R_0
3272_1,0.0,0,0,05-MNP,HS10_VDZ_R_0
3457_1,0.0,0,0,05-MNP,HS10_VDZ_R_0
3470_1,2.503474,1,1,05B-MNP_activated_inf,HS10_VDZ_R_0
3618_1,0.0,0,0,05-MNP,HS10_VDZ_R_0
3623_1,0.0,0,0,05-MNP,HS10_VDZ_R_0
3680_1,0.6692072,0,0,05-MNP,HS10_VDZ_R_0
3704_1,0.6921285,0,0,05-MNP,HS10_VDZ_R_0
3724_1,0.0,0,0,05-MNP,HS10_VDZ_R_0
3766_1,2.2177408,1,1,05B-MNP_activated_inf,HS10_VDZ_R_0
3773_1,0.0,0,0,05-MNP,HS10_VDZ_R_0
3792_1,0.715345,0,0,05-MNP,HS10_VDZ_R_0
3802_1,0.7389091,0,0,05-MNP,HS10_VDZ_R_0
3805_1,0.0,0,0,05-MNP,HS10_VDZ_R_0
3812_1,0.75245196,0,0,05-MNP,HS10_VDZ_R_0
3837_1,0.69625896,0,0,05-MNP,HS10_VDZ_R_0
3887_1,1.2570046,0,0,05-MNP,HS10_VDZ_R_0
3910_1,0.6986745,1,0,05B-MNP_activated_inf,HS10_VDZ_R_0
3928_1,0.56944996,0,0,05-MNP,HS10_VDZ_R_0
3965_1,0.56811553,0,0,05-MNP,HS10_VDZ_R_0
4057_1,0.0,0,0,05-MNP,HS10_VDZ_R_0
4072_1,1.4925134,0,0,05-MNP,HS10_VDZ_R_0
4174_1,1.3706942,0,0,05-MNP,HS10_VDZ_R_0
4188_1,0.0,0,0,05-MNP,HS10_VDZ_R_0
4222_1,0.6980986,0,0,05-MNP,HS10_VDZ_R_0
4227_1,0.0,0,0,05-MNP,HS10_VDZ_R_0
4244_1,1.4453958,0,0,05-MNP,HS10_VDZ_R_0
4245_1,0.81805414,0,0,05-MNP,HS10_VDZ_R_0
4306_1,0.69582844,0,0,05-MNP,HS10_VDZ_R_0
4341_1,0.0,0,0,05-MNP,HS10_VDZ_R_0
4355_1,0.69070786,0,0,05-MNP,HS10_VDZ_R_0
4408_1,1.4747164,1,0,05B-MNP_activated_inf,HS10_VDZ_R_0
4435_1,0.7538454,0,0,05-MNP,HS10_VDZ_R_0
4570_1,0.7560242,0,0,05-MNP,HS10_VDZ_R_0
4619_1,0.0,0,0,05-MNP,HS10_VDZ_R_0
4635_1,0.72615004,0,0,05-MNP,HS10_VDZ_R_0
4640_1,0.0,0,0,05-MNP,HS10_VDZ_R_0
4664_1,0.0,0,0,05-MNP,HS10_VDZ_R_0
4696_1,0.63659674,0,0,05-MNP,HS10_VDZ_R_0
4717_1,0.0,0,0,05-MNP,HS10_VDZ_R_0
4771_1,0.0,0,0,05-MNP,HS10_VDZ_R_0
4822_1,0.0,0,0,05-MNP,HS10_VDZ_R_0
4925_1,0.0,0,0,05-MNP,HS10_VDZ_R_0
22_2,1.9095786,0,1,05-MNP,HS11_VDZ_L_3
26_2,1.3480197,0,0,05-MNP,HS11_VDZ_L_3
37_2,3.27413,1,1,05B-MNP_activated_inf,HS11_VDZ_L_3
64_2,1.2729882,1,0,05B-MNP_activated_inf,HS11_VDZ_L_3
66_2,0.6903207,0,0,05-MNP,HS11_VDZ_L_3
69_2,3.2227788,1,1,05B-MNP_activated_inf,HS11_VDZ_L_3
78_2,3.3209004,0,1,05-MNP,HS11_VDZ_L_3
82_2,1.938123,0,1,05-MNP,HS11_VDZ_L_3
88_2,0.6694569,1,0,05B-MNP_activated_inf,HS11_VDZ_L_3
89_2,0.6267433,0,0,05-MNP,HS11_VDZ_L_3
103_2,1.2572031,0,0,05-MNP,HS11_VDZ_L_3
106_2,2.5170047,1,1,05B-MNP_activated_inf,HS11_VDZ_L_3
116_2,1.2608143,0,0,05-MNP,HS11_VDZ_L_3
160_2,3.2026846,1,1,05B-MNP_activated_inf,HS11_VDZ_L_3
168_2,1.3150057,0,0,05-MNP,HS11_VDZ_L_3
181_2,1.4573147,0,0,05-MNP,HS11_VDZ_L_3
213_2,2.0453575,1,1,05B-MNP_activated_inf,HS11_VDZ_L_3
214_2,0.61068726,0,0,05-MNP,HS11_VDZ_L_3
233_2,1.3557975,0,0,05-MNP,HS11_VDZ_L_3
239_2,1.2877663,0,0,05-MNP,HS11_VDZ_L_3
247_2,3.3047118,1,1,05B-MNP_activated_inf,HS11_VDZ_L_3
253_2,0.7336403,0,0,05-MNP,HS11_VDZ_L_3
283_2,2.090763,1,1,05B-MNP_activated_inf,HS11_VDZ_L_3
292_2,2.5322292,1,1,05B-MNP_activated_inf,HS11_VDZ_L_3
301_2,1.4375857,0,0,05-MNP,HS11_VDZ_L_3
318_2,0.7362804,0,0,05-MNP,HS11_VDZ_L_3
327_2,1.4035841,1,0,05B-MNP_activated_inf,HS11_VDZ_L_3
328_2,1.9360498,1,1,05B-MNP_activated_inf,HS11_VDZ_L_3
330_2,1.2096018,0,0,05-MNP,HS11_VDZ_L_3
391_2,1.2406433,0,0,05-MNP,HS11_VDZ_L_3
395_2,0.6759797,0,0,05-MNP,HS11_VDZ_L_3
399_2,1.3797113,0,0,05-MNP,HS11_VDZ_L_3
401_2,0.64310163,0,0,05-MNP,HS11_VDZ_L_3
409_2,0.6692386,0,0,05-MNP,HS11_VDZ_L_3
411_2,1.2358239,0,0,05-MNP,HS11_VDZ_L_3
417_2,0.0,0,0,05-MNP,HS11_VDZ_L_3
420_2,2.0898821,0,1,05-MNP,HS11_VDZ_L_3
441_2,1.2692195,0,0,05-MNP,HS11_VDZ_L_3
455_2,1.1846823,0,0,05-MNP,HS11_VDZ_L_3
468_2,2.0501359,0,1,05-MNP,HS11_VDZ_L_3
479_2,1.7896241,0,1,05-MNP,HS11_VDZ_L_3
493_2,1.2186443,0,0,05-MNP,HS11_VDZ_L_3
543_2,1.926403,1,1,05B-MNP_activated_inf,HS11_VDZ_L_3
564_2,1.304476,0,0,05-MNP,HS11_VDZ_L_3
565_2,1.3430339,0,0,05-MNP,HS11_VDZ_L_3
601_2,0.7078052,0,0,05-MNP,HS11_VDZ_L_3
610_2,1.2677556,0,0,05-MNP,HS11_VDZ_L_3
622_2,0.71270466,0,0,05-MNP,HS11_VDZ_L_3
623_2,1.3852482,0,0,05-MNP,HS11_VDZ_L_3
747_2,1.2277552,1,0,05B-MNP_activated_inf,HS11_VDZ_L_3
785_2,1.1276157,1,0,05B-MNP_activated_inf,HS11_VDZ_L_3
799_2,2.3304296,0,1,05-MNP,HS11_VDZ_L_3
827_2,0.6965508,0,0,05-MNP,HS11_VDZ_L_3
850_2,0.0,1,0,05B-MNP_activated_inf,HS11_VDZ_L_3
914_2,0.68321,0,0,05-MNP,HS11_VDZ_L_3
923_2,0.70060927,0,0,05-MNP,HS11_VDZ_L_3
931_2,1.3463657,1,0,05B-MNP_activated_inf,HS11_VDZ_L_3
937_2,1.3937604,0,0,05-MNP,HS11_VDZ_L_3
962_2,1.492325,0,0,05-MNP,HS11_VDZ_L_3
970_2,1.2406161,0,0,05-MNP,HS11_VDZ_L_3
973_2,1.9242861,1,1,05B-MNP_activated_inf,HS11_VDZ_L_3
976_2,0.67746717,0,0,05-MNP,HS11_VDZ_L_3
982_2,0.61233693,0,0,05-MNP,HS11_VDZ_L_3
1005_2,1.5966772,0,1,05-MNP,HS11_VDZ_L_3
1016_2,0.72143793,0,0,05-MNP,HS11_VDZ_L_3
1044_2,0.68247575,0,0,05-MNP,HS11_VDZ_L_3
1094_2,2.100697,0,1,05-MNP,HS11_VDZ_L_3
1100_2,1.4337938,0,0,05-MNP,HS11_VDZ_L_3
1104_2,0.7098456,0,0,05-MNP,HS11_VDZ_L_3
1139_2,2.7171009,1,1,05B-MNP_activated_inf,HS11_VDZ_L_3
1180_2,0.6706087,0,0,05-MNP,HS11_VDZ_L_3
1196_2,1.4416674,0,0,05-MNP,HS11_VDZ_L_3
1256_2,1.4288905,0,0,05-MNP,HS11_VDZ_L_3
1288_2,0.64688027,0,0,05-MNP,HS11_VDZ_L_3
1301_2,1.3695244,0,0,05-MNP,HS11_VDZ_L_3
1333_2,0.7644528,0,0,05-MNP,HS11_VDZ_L_3
1348_2,0.7695889,0,0,05-MNP,HS11_VDZ_L_3
1349_2,2.6233194,1,1,05B-MNP_activated_inf,HS11_VDZ_L_3
1353_2,0.6724392,0,0,05-MNP,HS11_VDZ_L_3
1357_2,1.3168867,0,0,05-MNP,HS11_VDZ_L_3
1375_2,2.7099059,1,1,05B-MNP_activated_inf,HS11_VDZ_L_3
1383_2,0.75384617,0,0,05-MNP,HS11_VDZ_L_3
1387_2,1.8038025,0,1,05-MNP,HS11_VDZ_L_3
1388_2,0.6884537,1,0,05B-MNP_activated_inf,HS11_VDZ_L_3
1398_2,2.8027031,1,1,05B-MNP_activated_inf,HS11_VDZ_L_3
1402_2,1.3257903,1,0,05B-MNP_activated_inf,HS11_VDZ_L_3
1438_2,0.7225801,0,0,05-MNP,HS11_VDZ_L_3
1439_2,2.051371,1,1,05B-MNP_activated_inf,HS11_VDZ_L_3
1458_2,1.2941507,1,0,05B-MNP_activated_inf,HS11_VDZ_L_3
1468_2,0.72783506,0,0,05-MNP,HS11_VDZ_L_3
1470_2,0.6540828,0,0,05-MNP,HS11_VDZ_L_3
1486_2,1.3549578,1,0,05B-MNP_activated_inf,HS11_VDZ_L_3
1523_2,1.8309135,1,1,05B-MNP_activated_inf,HS11_VDZ_L_3
1525_2,0.71105254,0,0,05-MNP,HS11_VDZ_L_3
1555_2,2.6471474,0,1,05-MNP,HS11_VDZ_L_3
1576_2,1.258297,1,0,05B-MNP_activated_inf,HS11_VDZ_L_3
1590_2,1.3307571,0,0,05-MNP,HS11_VDZ_L_3
1637_2,0.7259661,0,0,05-MNP,HS11_VDZ_L_3
1677_2,0.6733152,0,0,05-MNP,HS11_VDZ_L_3
1689_2,1.4885256,0,0,05-MNP,HS11_VDZ_L_3
1695_2,0.6237055,0,0,05-MNP,HS11_VDZ_L_3
1704_2,1.9208716,1,1,05B-MNP_activated_inf,HS11_VDZ_L_3
1705_2,1.7230059,1,1,05B-MNP_activated_inf,HS11_VDZ_L_3
1735_2,1.391889,0,0,05-MNP,HS11_VDZ_L_3
1741_2,0.7198464,0,0,05-MNP,HS11_VDZ_L_3
1742_2,1.2853957,0,0,05-MNP,HS11_VDZ_L_3
1766_2,2.3846557,1,1,05B-MNP_activated_inf,HS11_VDZ_L_3
1776_2,0.0,0,0,05-MNP,HS11_VDZ_L_3
1783_2,2.758262,1,1,05B-MNP_activated_inf,HS11_VDZ_L_3
1796_2,0.0,0,0,05-MNP,HS11_VDZ_L_3
1824_2,1.3918791,0,0,05-MNP,HS11_VDZ_L_3
1848_2,0.76655775,0,0,05-MNP,HS11_VDZ_L_3
1850_2,0.78770477,0,0,05-MNP,HS11_VDZ_L_3
1868_2,2.481687,1,1,05B-MNP_activated_inf,HS11_VDZ_L_3
1869_2,0.7507839,0,0,05-MNP,HS11_VDZ_L_3
1907_2,3.0366638,0,1,05-MNP,HS11_VDZ_L_3
1910_2,1.382159,0,0,05-MNP,HS11_VDZ_L_3
1922_2,1.284447,0,0,05-MNP,HS11_VDZ_L_3
1939_2,1.4335067,1,0,05B-MNP_activated_inf,HS11_VDZ_L_3
1960_2,1.3756043,0,0,05-MNP,HS11_VDZ_L_3
1974_2,0.709681,0,0,05-MNP,HS11_VDZ_L_3
1980_2,0.0,0,0,05-MNP,HS11_VDZ_L_3
2004_2,2.084569,1,1,05B-MNP_activated_inf,HS11_VDZ_L_3
2064_2,0.7547403,0,0,05-MNP,HS11_VDZ_L_3
2131_2,0.0,0,0,05-MNP,HS11_VDZ_L_3
2137_2,0.0,0,0,05-MNP,HS11_VDZ_L_3
2155_2,1.8171188,0,1,05-MNP,HS11_VDZ_L_3
2176_2,0.0,1,0,05B-MNP_activated_inf,HS11_VDZ_L_3
2180_2,0.63177484,0,0,05-MNP,HS11_VDZ_L_3
2190_2,2.0732024,1,1,05B-MNP_activated_inf,HS11_VDZ_L_3
2231_2,0.71274006,0,0,05-MNP,HS11_VDZ_L_3
2250_2,0.7351408,0,0,05-MNP,HS11_VDZ_L_3
2408_2,1.4381254,0,0,05-MNP,HS11_VDZ_L_3
2419_2,2.0008495,1,1,05B-MNP_activated_inf,HS11_VDZ_L_3
2434_2,0.7319832,0,0,05-MNP,HS11_VDZ_L_3
2453_2,0.733409,0,0,05-MNP,HS11_VDZ_L_3
2454_2,1.336931,1,0,05B-MNP_activated_inf,HS11_VDZ_L_3
2509_2,0.7272169,0,0,05-MNP,HS11_VDZ_L_3
2527_2,1.3702075,0,0,05-MNP,HS11_VDZ_L_3
2660_2,0.72949535,0,0,05-MNP,HS11_VDZ_L_3
2694_2,1.486889,0,0,05-MNP,HS11_VDZ_L_3
2703_2,1.3600894,1,0,05B-MNP_activated_inf,HS11_VDZ_L_3
2723_2,0.6870785,0,0,05-MNP,HS11_VDZ_L_3
2802_2,0.0,0,0,05-MNP,HS11_VDZ_L_3
2842_2,1.2862642,0,0,05-MNP,HS11_VDZ_L_3
2872_2,1.3119005,0,0,05-MNP,HS11_VDZ_L_3
2896_2,0.6628651,0,0,05-MNP,HS11_VDZ_L_3
2990_2,0.743208,0,0,05-MNP,HS11_VDZ_L_3
3000_2,0.6897645,0,0,05-MNP,HS11_VDZ_L_3
3032_2,0.6826696,0,0,05-MNP,HS11_VDZ_L_3
3072_2,2.0138233,1,1,05B-MNP_activated_inf,HS11_VDZ_L_3
3103_2,1.4461555,0,0,05-MNP,HS11_VDZ_L_3
3104_2,0.0,0,0,05-MNP,HS11_VDZ_L_3
3125_2,1.4444855,0,0,05-MNP,HS11_VDZ_L_3
3126_2,2.0067456,1,1,05B-MNP_activated_inf,HS11_VDZ_L_3
3132_2,1.2352569,0,0,05-MNP,HS11_VDZ_L_3
3135_2,2.1026435,1,1,05B-MNP_activated_inf,HS11_VDZ_L_3
3139_2,1.5091122,0,0,05-MNP,HS11_VDZ_L_3
3155_2,2.1144729,1,1,05B-MNP_activated_inf,HS11_VDZ_L_3
3159_2,1.3685025,0,0,05-MNP,HS11_VDZ_L_3
3170_2,1.3527457,1,0,05B-MNP_activated_inf,HS11_VDZ_L_3
3198_2,2.571439,1,1,05B-MNP_activated_inf,HS11_VDZ_L_3
3203_2,0.72630024,0,0,05-MNP,HS11_VDZ_L_3
3245_2,1.3478006,0,0,05-MNP,HS11_VDZ_L_3
3248_2,1.929751,0,1,05-MNP,HS11_VDZ_L_3
3280_2,1.5388702,0,0,05-MNP,HS11_VDZ_L_3
3293_2,0.64576966,0,0,05-MNP,HS11_VDZ_L_3
3307_2,0.7255313,0,0,05-MNP,HS11_VDZ_L_3
3311_2,1.3328791,0,0,05-MNP,HS11_VDZ_L_3
3339_2,1.4008353,0,0,05-MNP,HS11_VDZ_L_3
3347_2,1.8903681,0,1,05-MNP,HS11_VDZ_L_3
3402_2,1.241946,0,0,05-MNP,HS11_VDZ_L_3
3417_2,0.71272725,0,0,05-MNP,HS11_VDZ_L_3
3429_2,0.66564375,0,0,05-MNP,HS11_VDZ_L_3
3445_2,2.2965374,1,1,05B-MNP_activated_inf,HS11_VDZ_L_3
3450_2,0.6482835,0,0,05-MNP,HS11_VDZ_L_3
3486_2,2.5513325,0,1,05-MNP,HS11_VDZ_L_3
3492_2,0.76188534,0,0,05-MNP,HS11_VDZ_L_3
3516_2,2.058633,1,1,05B-MNP_activated_inf,HS11_VDZ_L_3
3567_2,0.6743166,0,0,05-MNP,HS11_VDZ_L_3
3626_2,2.3876193,0,1,05-MNP,HS11_VDZ_L_3
3674_2,2.022592,0,1,05-MNP,HS11_VDZ_L_3
3711_2,1.4133548,0,0,05-MNP,HS11_VDZ_L_3
3715_2,1.3599514,1,0,05B-MNP_activated_inf,HS11_VDZ_L_3
3716_2,0.74928963,0,0,05-MNP,HS11_VDZ_L_3
3744_2,0.71666557,0,0,05-MNP,HS11_VDZ_L_3
3774_2,0.64987403,0,0,05-MNP,HS11_VDZ_L_3
3811_2,4.2158523,1,1,05B-MNP_activated_inf,HS11_VDZ_L_3
3860_2,1.2203289,0,0,05-MNP,HS11_VDZ_L_3
3887_2,0.74617326,0,0,05-MNP,HS11_VDZ_L_3
3889_2,0.0,0,0,05-MNP,HS11_VDZ_L_3
3898_2,1.4474093,0,0,05-MNP,HS11_VDZ_L_3
3907_2,2.9096763,1,1,05B-MNP_activated_inf,HS11_VDZ_L_3
3943_2,1.5518492,0,0,05-MNP,HS11_VDZ_L_3
3961_2,1.4858502,0,0,05-MNP,HS11_VDZ_L_3
3985_2,1.277049,0,0,05-MNP,HS11_VDZ_L_3
4029_2,2.7119021,1,1,05B-MNP_activated_inf,HS11_VDZ_L_3
4032_2,0.6984158,0,0,05-MNP,HS11_VDZ_L_3
4040_2,3.1816466,1,1,05B-MNP_activated_inf,HS11_VDZ_L_3
4050_2,2.6180327,1,1,05B-MNP_activated_inf,HS11_VDZ_L_3
4105_2,1.4636729,0,0,05-MNP,HS11_VDZ_L_3
4116_2,0.0,0,0,05-MNP,HS11_VDZ_L_3
4166_2,0.0,0,0,05-MNP,HS11_VDZ_L_3
4173_2,0.700767,0,0,05-MNP,HS11_VDZ_L_3
4216_2,1.3325462,0,0,05-MNP,HS11_VDZ_L_3
4234_2,1.3385851,1,0,05B-MNP_activated_inf,HS11_VDZ_L_3
4307_2,0.7614892,0,0,05-MNP,HS11_VDZ_L_3
4335_2,0.7476187,0,0,05-MNP,HS11_VDZ_L_3
4364_2,1.279555,0,0,05-MNP,HS11_VDZ_L_3
4416_2,1.4104284,1,0,05B-MNP_activated_inf,HS11_VDZ_L_3
4428_2,1.5172659,0,0,05-MNP,HS11_VDZ_L_3
4438_2,0.62920517,0,0,05-MNP,HS11_VDZ_L_3
4467_2,1.5436954,0,0,05-MNP,HS11_VDZ_L_3
4471_2,0.66435105,0,0,05-MNP,HS11_VDZ_L_3
4477_2,0.6680055,0,0,05-MNP,HS11_VDZ_L_3
4580_2,0.67019045,0,0,05-MNP,HS11_VDZ_L_3
4585_2,1.5615044,0,1,05-MNP,HS11_VDZ_L_3
4630_2,1.3551676,0,0,05-MNP,HS11_VDZ_L_3
4641_2,1.8473732,1,1,05B-MNP_activated_inf,HS11_VDZ_L_3
4654_2,0.6714786,0,0,05-MNP,HS11_VDZ_L_3
4658_2,1.4605476,0,0,05-MNP,HS11_VDZ_L_3
4671_2,1.9409779,0,1,05-MNP,HS11_VDZ_L_3
4704_2,1.3559065,0,0,05-MNP,HS11_VDZ_L_3
4713_2,2.3382008,1,1,05B-MNP_activated_inf,HS11_VDZ_L_3
4716_2,1.239464,0,0,05-MNP,HS11_VDZ_L_3
4736_2,1.2221562,0,0,05-MNP,HS11_VDZ_L_3
4828_2,0.69964015,0,0,05-MNP,HS11_VDZ_L_3
5_3,2.265053,1,1,05B-MNP_activated_inf,HS11_VDZ_R_0
54_3,1.768567,0,1,05-MNP,HS11_VDZ_R_0
66_3,0.7550128,0,0,05-MNP,HS11_VDZ_R_0
74_3,2.374139,0,1,05-MNP,HS11_VDZ_R_0
79_3,1.1632845,0,0,05-MNP,HS11_VDZ_R_0
94_3,1.1113617,0,0,05-MNP,HS11_VDZ_R_0
138_3,1.6428634,0,1,05-MNP,HS11_VDZ_R_0
146_3,2.4077659,0,1,05-MNP,HS11_VDZ_R_0
150_3,0.7519273,0,0,05-MNP,HS11_VDZ_R_0
156_3,1.2053355,0,0,05-MNP,HS11_VDZ_R_0
165_3,0.751996,0,0,05-MNP,HS11_VDZ_R_0
168_3,2.121885,0,1,05-MNP,HS11_VDZ_R_0
171_3,1.6749598,0,1,05-MNP,HS11_VDZ_R_0
185_3,0.62812847,0,0,05-MNP,HS11_VDZ_R_0
189_3,0.5429798,0,0,05-MNP,HS11_VDZ_R_0
208_3,1.1730072,0,0,05-MNP,HS11_VDZ_R_0
214_3,1.1965755,1,0,05B-MNP_activated_inf,HS11_VDZ_R_0
246_3,0.70136255,0,0,05-MNP,HS11_VDZ_R_0
250_3,1.5872885,1,1,05B-MNP_activated_inf,HS11_VDZ_R_0
277_3,1.2243006,0,0,05-MNP,HS11_VDZ_R_0
282_3,2.1579063,1,1,05B-MNP_activated_inf,HS11_VDZ_R_0
286_3,0.6284276,0,0,05-MNP,HS11_VDZ_R_0
301_3,1.2225267,0,0,05-MNP,HS11_VDZ_R_0
307_3,1.2648722,0,0,05-MNP,HS11_VDZ_R_0
325_3,1.4267473,0,0,05-MNP,HS11_VDZ_R_0
330_3,0.56835616,0,0,05-MNP,HS11_VDZ_R_0
335_3,0.6477515,0,0,05-MNP,HS11_VDZ_R_0
339_3,0.70120513,1,0,05B-MNP_activated_inf,HS11_VDZ_R_0
344_3,0.0,0,0,05-MNP,HS11_VDZ_R_0
347_3,0.7255788,0,0,05-MNP,HS11_VDZ_R_0
348_3,0.68474966,0,0,05-MNP,HS11_VDZ_R_0
350_3,1.9290384,1,1,05B-MNP_activated_inf,HS11_VDZ_R_0
357_3,1.2565156,0,0,05-MNP,HS11_VDZ_R_0
358_3,1.154121,1,0,05B-MNP_activated_inf,HS11_VDZ_R_0
363_3,1.7238061,0,1,05-MNP,HS11_VDZ_R_0
368_3,1.8640926,0,1,05-MNP,HS11_VDZ_R_0
381_3,0.6550584,1,0,05B-MNP_activated_inf,HS11_VDZ_R_0
388_3,0.70582026,0,0,05-MNP,HS11_VDZ_R_0
396_3,1.7825559,1,1,05B-MNP_activated_inf,HS11_VDZ_R_0
398_3,2.0224824,0,1,05-MNP,HS11_VDZ_R_0
399_3,0.6350527,0,0,05-MNP,HS11_VDZ_R_0
400_3,1.2115457,0,0,05-MNP,HS11_VDZ_R_0
406_3,2.153097,1,1,05B-MNP_activated_inf,HS11_VDZ_R_0
456_3,0.60112077,0,0,05-MNP,HS11_VDZ_R_0
457_3,2.2743447,1,1,05B-MNP_activated_inf,HS11_VDZ_R_0
469_3,1.1959839,1,0,05B-MNP_activated_inf,HS11_VDZ_R_0
472_3,1.1593597,0,0,05-MNP,HS11_VDZ_R_0
485_3,1.2725775,1,0,05B-MNP_activated_inf,HS11_VDZ_R_0
490_3,1.2497228,0,0,05-MNP,HS11_VDZ_R_0
504_3,1.7023896,0,1,05-MNP,HS11_VDZ_R_0
532_3,0.64367384,0,0,05-MNP,HS11_VDZ_R_0
550_3,1.3262554,1,0,05B-MNP_activated_inf,HS11_VDZ_R_0
622_3,0.69581467,0,0,05-MNP,HS11_VDZ_R_0
623_3,2.539551,0,1,05-MNP,HS11_VDZ_R_0
650_3,2.4771233,1,1,05B-MNP_activated_inf,HS11_VDZ_R_0
692_3,0.6151997,0,0,05-MNP,HS11_VDZ_R_0
780_3,1.1129658,1,0,05B-MNP_activated_inf,HS11_VDZ_R_0
787_3,1.2269584,1,0,05B-MNP_activated_inf,HS11_VDZ_R_0
796_3,1.2478535,0,0,05-MNP,HS11_VDZ_R_0
809_3,0.6124155,0,0,05-MNP,HS11_VDZ_R_0
829_3,1.4905398,0,0,05-MNP,HS11_VDZ_R_0
840_3,0.63986933,0,0,05-MNP,HS11_VDZ_R_0
855_3,0.6690684,0,0,05-MNP,HS11_VDZ_R_0
910_3,1.14617,0,0,05-MNP,HS11_VDZ_R_0
912_3,1.2360165,0,0,05-MNP,HS11_VDZ_R_0
926_3,0.0,0,0,05-MNP,HS11_VDZ_R_0
928_3,0.6669474,0,0,05-MNP,HS11_VDZ_R_0
930_3,1.2959753,0,0,05-MNP,HS11_VDZ_R_0
932_3,0.0,0,0,05-MNP,HS11_VDZ_R_0
935_3,2.469391,0,1,05-MNP,HS11_VDZ_R_0
937_3,2.1533606,0,1,05-MNP,HS11_VDZ_R_0
960_3,0.81263477,0,0,05-MNP,HS11_VDZ_R_0
965_3,2.1176057,1,1,05B-MNP_activated_inf,HS11_VDZ_R_0
969_3,1.1716491,0,0,05-MNP,HS11_VDZ_R_0
972_3,1.6975139,1,1,05B-MNP_activated_inf,HS11_VDZ_R_0
978_3,0.54158485,0,0,05-MNP,HS11_VDZ_R_0
985_3,1.2698578,0,0,05-MNP,HS11_VDZ_R_0
990_3,1.2349995,0,0,05-MNP,HS11_VDZ_R_0
998_3,1.3831942,0,0,05-MNP,HS11_VDZ_R_0
999_3,0.6621379,0,0,05-MNP,HS11_VDZ_R_0
1010_3,0.72361076,0,0,05-MNP,HS11_VDZ_R_0
1013_3,1.2742975,0,0,05-MNP,HS11_VDZ_R_0
1019_3,2.4893987,0,1,05-MNP,HS11_VDZ_R_0
1023_3,0.63535327,0,0,05-MNP,HS11_VDZ_R_0
1026_3,1.614748,1,1,05B-MNP_activated_inf,HS11_VDZ_R_0
1027_3,1.2874792,0,0,05-MNP,HS11_VDZ_R_0
1030_3,1.3174379,0,0,05-MNP,HS11_VDZ_R_0
1046_3,0.0,0,0,05-MNP,HS11_VDZ_R_0
1050_3,1.2204492,0,0,05-MNP,HS11_VDZ_R_0
1055_3,1.2264336,0,0,05-MNP,HS11_VDZ_R_0
1080_3,0.7508331,0,0,05-MNP,HS11_VDZ_R_0
1092_3,2.2735302,1,1,05B-MNP_activated_inf,HS11_VDZ_R_0
1106_3,1.2207788,1,0,05B-MNP_activated_inf,HS11_VDZ_R_0
1107_3,1.2026694,0,0,05-MNP,HS11_VDZ_R_0
1117_3,1.1357067,0,0,05-MNP,HS11_VDZ_R_0
1134_3,1.6241693,0,1,05-MNP,HS11_VDZ_R_0
1146_3,1.3358017,0,0,05-MNP,HS11_VDZ_R_0
1147_3,1.2960521,1,0,05B-MNP_activated_inf,HS11_VDZ_R_0
1172_3,1.9811618,0,1,05-MNP,HS11_VDZ_R_0
1174_3,1.9137975,0,1,05-MNP,HS11_VDZ_R_0
1185_3,0.0,0,0,05-MNP,HS11_VDZ_R_0
1189_3,2.4512842,1,1,05B-MNP_activated_inf,HS11_VDZ_R_0
1201_3,1.2384397,0,0,05-MNP,HS11_VDZ_R_0
1202_3,0.6790199,0,0,05-MNP,HS11_VDZ_R_0
1208_3,1.334158,0,0,05-MNP,HS11_VDZ_R_0
1210_3,1.7844859,0,1,05-MNP,HS11_VDZ_R_0
1219_3,2.0834074,1,1,05B-MNP_activated_inf,HS11_VDZ_R_0
1220_3,0.6314645,0,0,05-MNP,HS11_VDZ_R_0
1221_3,1.8027564,0,1,05-MNP,HS11_VDZ_R_0
1226_3,1.853693,0,1,05-MNP,HS11_VDZ_R_0
1227_3,0.77415097,0,0,05-MNP,HS11_VDZ_R_0
1228_3,1.2923291,0,0,05-MNP,HS11_VDZ_R_0
1231_3,0.6802769,0,0,05-MNP,HS11_VDZ_R_0
1242_3,0.0,0,0,05-MNP,HS11_VDZ_R_0
1250_3,2.2065966,0,1,05-MNP,HS11_VDZ_R_0
1256_3,1.2410905,0,0,05-MNP,HS11_VDZ_R_0
1309_3,1.74491,0,1,05-MNP,HS11_VDZ_R_0
1323_3,0.7358862,0,0,05-MNP,HS11_VDZ_R_0
1336_3,3.0046864,1,1,05B-MNP_activated_inf,HS11_VDZ_R_0
1346_3,1.2381126,0,0,05-MNP,HS11_VDZ_R_0
1349_3,2.838083,1,1,05B-MNP_activated_inf,HS11_VDZ_R_0
1377_3,2.2594178,1,1,05B-MNP_activated_inf,HS11_VDZ_R_0
1390_3,1.7952783,0,1,05-MNP,HS11_VDZ_R_0
1391_3,1.3899806,0,0,05-MNP,HS11_VDZ_R_0
1412_3,2.3698773,1,1,05B-MNP_activated_inf,HS11_VDZ_R_0
1472_3,0.6616901,0,0,05-MNP,HS11_VDZ_R_0
1508_3,1.3384923,1,0,05B-MNP_activated_inf,HS11_VDZ_R_0
1544_3,1.2742513,1,0,05B-MNP_activated_inf,HS11_VDZ_R_0
1560_3,0.5743174,0,0,05-MNP,HS11_VDZ_R_0
1595_3,0.80040604,0,0,05-MNP,HS11_VDZ_R_0
1636_3,0.0,0,0,05-MNP,HS11_VDZ_R_0
1638_3,0.7567226,0,0,05-MNP,HS11_VDZ_R_0
1640_3,0.7310491,0,0,05-MNP,HS11_VDZ_R_0
1652_3,1.3022908,0,0,05-MNP,HS11_VDZ_R_0
1689_3,0.80062526,0,0,05-MNP,HS11_VDZ_R_0
1690_3,0.71177536,0,0,05-MNP,HS11_VDZ_R_0
1707_3,0.7811838,0,0,05-MNP,HS11_VDZ_R_0
1708_3,0.75380737,0,0,05-MNP,HS11_VDZ_R_0
1716_3,1.7660447,1,1,05B-MNP_activated_inf,HS11_VDZ_R_0
1728_3,0.0,0,0,05-MNP,HS11_VDZ_R_0
1747_3,0.72147715,0,0,05-MNP,HS11_VDZ_R_0
1774_3,1.2180966,0,0,05-MNP,HS11_VDZ_R_0
1775_3,1.7915751,0,1,05-MNP,HS11_VDZ_R_0
1780_3,2.4330049,1,1,05B-MNP_activated_inf,HS11_VDZ_R_0
1781_3,0.70436376,0,0,05-MNP,HS11_VDZ_R_0
1800_3,0.7276165,0,0,05-MNP,HS11_VDZ_R_0
1801_3,0.7593732,0,0,05-MNP,HS11_VDZ_R_0
1817_3,1.2654809,0,0,05-MNP,HS11_VDZ_R_0
1827_3,2.144863,1,1,05B-MNP_activated_inf,HS11_VDZ_R_0
1867_3,1.8270143,1,1,05B-MNP_activated_inf,HS11_VDZ_R_0
1912_3,0.0,0,0,05-MNP,HS11_VDZ_R_0
1923_3,1.3592442,0,0,05-MNP,HS11_VDZ_R_0
1935_3,1.3399298,0,0,05-MNP,HS11_VDZ_R_0
1940_3,1.2852478,0,0,05-MNP,HS11_VDZ_R_0
1952_3,0.79299,0,0,05-MNP,HS11_VDZ_R_0
1967_3,1.312645,0,0,05-MNP,HS11_VDZ_R_0
1977_3,0.67701215,0,0,05-MNP,HS11_VDZ_R_0
1980_3,2.0182657,1,1,05B-MNP_activated_inf,HS11_VDZ_R_0
2005_3,0.66571313,0,0,05-MNP,HS11_VDZ_R_0
2017_3,2.0420654,1,1,05B-MNP_activated_inf,HS11_VDZ_R_0
2026_3,1.5338241,0,0,05-MNP,HS11_VDZ_R_0
2037_3,0.8304523,0,0,05-MNP,HS11_VDZ_R_0
2043_3,0.75439596,0,0,05-MNP,HS11_VDZ_R_0
2055_3,1.5282362,0,0,05-MNP,HS11_VDZ_R_0
2085_3,1.3239462,0,0,05-MNP,HS11_VDZ_R_0
2090_3,0.6738709,1,0,05B-MNP_activated_inf,HS11_VDZ_R_0
2097_3,2.206495,0,1,05-MNP,HS11_VDZ_R_0
2118_3,2.3512459,0,1,05-MNP,HS11_VDZ_R_0
2131_3,0.736633,0,0,05-MNP,HS11_VDZ_R_0
2133_3,0.67061883,0,0,05-MNP,HS11_VDZ_R_0
2144_3,1.8057724,1,1,05B-MNP_activated_inf,HS11_VDZ_R_0
2149_3,2.1033547,1,1,05B-MNP_activated_inf,HS11_VDZ_R_0
2152_3,0.75145483,0,0,05-MNP,HS11_VDZ_R_0
2161_3,0.6337437,0,0,05-MNP,HS11_VDZ_R_0
2163_3,1.2374898,0,0,05-MNP,HS11_VDZ_R_0
2164_3,0.58513355,0,0,05-MNP,HS11_VDZ_R_0
2168_3,1.2289368,0,0,05-MNP,HS11_VDZ_R_0
2178_3,1.7207786,0,1,05-MNP,HS11_VDZ_R_0
2183_3,0.0,0,0,05-MNP,HS11_VDZ_R_0
2187_3,1.7236911,0,1,05-MNP,HS11_VDZ_R_0
2193_3,1.2857141,0,0,05-MNP,HS11_VDZ_R_0
2194_3,0.63608724,0,0,05-MNP,HS11_VDZ_R_0
2196_3,0.6845878,0,0,05-MNP,HS11_VDZ_R_0
2197_3,1.8075101,0,1,05-MNP,HS11_VDZ_R_0
2200_3,1.2183285,0,0,05-MNP,HS11_VDZ_R_0
2212_3,2.0996172,0,1,05-MNP,HS11_VDZ_R_0
2226_3,0.682005,0,0,05-MNP,HS11_VDZ_R_0
2242_3,0.68026555,0,0,05-MNP,HS11_VDZ_R_0
2279_3,2.0314536,1,1,05B-MNP_activated_inf,HS11_VDZ_R_0
2288_3,1.4230949,1,0,05B-MNP_activated_inf,HS11_VDZ_R_0
2295_3,2.099702,1,1,05B-MNP_activated_inf,HS11_VDZ_R_0
2348_3,1.9414204,1,1,05B-MNP_activated_inf,HS11_VDZ_R_0
2349_3,0.7104532,0,0,05-MNP,HS11_VDZ_R_0
2352_3,1.2460712,0,0,05-MNP,HS11_VDZ_R_0
2355_3,1.9863726,0,1,05-MNP,HS11_VDZ_R_0
2410_3,0.66286457,0,0,05-MNP,HS11_VDZ_R_0
2411_3,0.6585507,0,0,05-MNP,HS11_VDZ_R_0
2420_3,1.5158632,0,0,05-MNP,HS11_VDZ_R_0
2426_3,1.452264,0,0,05-MNP,HS11_VDZ_R_0
2458_3,1.7380788,0,1,05-MNP,HS11_VDZ_R_0
2486_3,1.2710923,0,0,05-MNP,HS11_VDZ_R_0
2491_3,2.641661,0,1,05-MNP,HS11_VDZ_R_0
2511_3,2.203912,0,1,05-MNP,HS11_VDZ_R_0
2532_3,1.5074408,0,0,05-MNP,HS11_VDZ_R_0
2548_3,0.7895585,0,0,05-MNP,HS11_VDZ_R_0
2633_3,0.6869656,0,0,05-MNP,HS11_VDZ_R_0
2638_3,1.3391209,0,0,05-MNP,HS11_VDZ_R_0
2648_3,0.7633854,0,0,05-MNP,HS11_VDZ_R_0
2656_3,1.8317946,0,1,05-MNP,HS11_VDZ_R_0
2663_3,2.053076,1,1,05B-MNP_activated_inf,HS11_VDZ_R_0
2677_3,0.0,0,0,05-MNP,HS11_VDZ_R_0
2793_3,0.7208504,0,0,05-MNP,HS11_VDZ_R_0
2836_3,0.0,0,0,05-MNP,HS11_VDZ_R_0
2840_3,1.1584593,0,0,05-MNP,HS11_VDZ_R_0
2841_3,0.799559,0,0,05-MNP,HS11_VDZ_R_0
2876_3,0.7890187,0,0,05-MNP,HS11_VDZ_R_0
2922_3,0.0,0,0,05-MNP,HS11_VDZ_R_0
2925_3,1.1822158,0,0,05-MNP,HS11_VDZ_R_0
2927_3,0.6284212,0,0,05-MNP,HS11_VDZ_R_0
2964_3,1.2518512,0,0,05-MNP,HS11_VDZ_R_0
3009_3,1.3061535,1,0,05B-MNP_activated_inf,HS11_VDZ_R_0
3019_3,1.279917,1,0,05B-MNP_activated_inf,HS11_VDZ_R_0
3028_3,0.70294327,0,0,05-MNP,HS11_VDZ_R_0
3031_3,1.2667559,0,0,05-MNP,HS11_VDZ_R_0
3049_3,0.0,0,0,05-MNP,HS11_VDZ_R_0
3053_3,1.4169023,0,0,05-MNP,HS11_VDZ_R_0
3070_3,0.6969264,0,0,05-MNP,HS11_VDZ_R_0
3077_3,0.0,0,0,05-MNP,HS11_VDZ_R_0
3083_3,1.3562067,0,0,05-MNP,HS11_VDZ_R_0
3084_3,0.74602365,0,0,05-MNP,HS11_VDZ_R_0
3086_3,0.7148872,0,0,05-MNP,HS11_VDZ_R_0
3109_3,0.0,0,0,05-MNP,HS11_VDZ_R_0
3135_3,1.4674435,0,0,05-MNP,HS11_VDZ_R_0
3161_3,0.0,0,0,05-MNP,HS11_VDZ_R_0
3170_3,1.2360418,0,0,05-MNP,HS11_VDZ_R_0
3185_3,1.1510718,0,0,05-MNP,HS11_VDZ_R_0
3220_3,0.6596573,0,0,05-MNP,HS11_VDZ_R_0
3237_3,0.72913855,0,0,05-MNP,HS11_VDZ_R_0
3242_3,0.68510646,0,0,05-MNP,HS11_VDZ_R_0
3248_3,0.6054727,0,0,05-MNP,HS11_VDZ_R_0
3256_3,1.3918539,0,0,05-MNP,HS11_VDZ_R_0
3265_3,0.5147242,0,0,05-MNP,HS11_VDZ_R_0
3278_3,0.0,0,0,05-MNP,HS11_VDZ_R_0
3282_3,0.6793378,0,0,05-MNP,HS11_VDZ_R_0
3288_3,0.702856,0,0,05-MNP,HS11_VDZ_R_0
3289_3,2.7751942,0,1,05-MNP,HS11_VDZ_R_0
3306_3,0.6443879,0,0,05-MNP,HS11_VDZ_R_0
3312_3,1.2954801,1,0,05B-MNP_activated_inf,HS11_VDZ_R_0
3326_3,1.7867239,1,1,05B-MNP_activated_inf,HS11_VDZ_R_0
3336_3,1.4201452,0,0,05-MNP,HS11_VDZ_R_0
3339_3,1.733002,1,1,05B-MNP_activated_inf,HS11_VDZ_R_0
3344_3,1.2572429,1,0,05B-MNP_activated_inf,HS11_VDZ_R_0
3348_3,0.7045805,0,0,05-MNP,HS11_VDZ_R_0
3352_3,1.3141719,0,0,05-MNP,HS11_VDZ_R_0
3354_3,2.2855806,1,1,05B-MNP_activated_inf,HS11_VDZ_R_0
3361_3,0.6457146,0,0,05-MNP,HS11_VDZ_R_0
3368_3,0.7543684,0,0,05-MNP,HS11_VDZ_R_0
3378_3,1.5465177,0,0,05-MNP,HS11_VDZ_R_0
3385_3,0.7535185,0,0,05-MNP,HS11_VDZ_R_0
3395_3,1.5334032,1,0,05B-MNP_activated_inf,HS11_VDZ_R_0
3405_3,1.3516458,1,0,05B-MNP_activated_inf,HS11_VDZ_R_0
3417_3,1.924754,0,1,05-MNP,HS11_VDZ_R_0
3419_3,1.44196,1,0,05B-MNP_activated_inf,HS11_VDZ_R_0
3429_3,3.1695993,1,1,05B-MNP_activated_inf,HS11_VDZ_R_0
3438_3,0.6292401,0,0,05-MNP,HS11_VDZ_R_0
3450_3,0.0,0,0,05-MNP,HS11_VDZ_R_0
3453_3,2.1026492,1,1,05B-MNP_activated_inf,HS11_VDZ_R_0
3469_3,0.0,0,0,05-MNP,HS11_VDZ_R_0
3470_3,0.64717644,0,0,05-MNP,HS11_VDZ_R_0
3471_3,1.4471867,0,0,05-MNP,HS11_VDZ_R_0
3482_3,0.5780066,0,0,05-MNP,HS11_VDZ_R_0
3483_3,0.70209783,0,0,05-MNP,HS11_VDZ_R_0
3495_3,1.2632307,0,0,05-MNP,HS11_VDZ_R_0
3504_3,0.7180117,0,0,05-MNP,HS11_VDZ_R_0
3523_3,2.0322547,1,1,05B-MNP_activated_inf,HS11_VDZ_R_0
3525_3,2.002173,1,1,05B-MNP_activated_inf,HS11_VDZ_R_0
3528_3,0.6896034,1,0,05B-MNP_activated_inf,HS11_VDZ_R_0
3543_3,1.9506581,0,1,05-MNP,HS11_VDZ_R_0
3544_3,1.9538237,1,1,05B-MNP_activated_inf,HS11_VDZ_R_0
3549_3,0.72272956,0,0,05-MNP,HS11_VDZ_R_0
3554_3,0.0,0,0,05-MNP,HS11_VDZ_R_0
3564_3,1.3098211,0,0,05-MNP,HS11_VDZ_R_0
3582_3,0.7110954,0,0,05-MNP,HS11_VDZ_R_0
3585_3,1.4860191,0,0,05-MNP,HS11_VDZ_R_0
3591_3,1.1659304,0,0,05-MNP,HS11_VDZ_R_0
3592_3,0.70340055,0,0,05-MNP,HS11_VDZ_R_0
3595_3,0.68467104,1,0,05B-MNP_activated_inf,HS11_VDZ_R_0
3599_3,1.2703202,1,0,05B-MNP_activated_inf,HS11_VDZ_R_0
3621_3,1.2373785,0,0,05-MNP,HS11_VDZ_R_0
3662_3,0.0,0,0,05-MNP,HS11_VDZ_R_0
3672_3,1.3020122,0,0,05-MNP,HS11_VDZ_R_0
3675_3,0.7818046,0,0,05-MNP,HS11_VDZ_R_0
3690_3,1.4257257,1,0,05B-MNP_activated_inf,HS11_VDZ_R_0
12_4,0.0,0,0,05-MNP,HS12_VDZ_L_1
13_4,1.2206796,0,0,05-MNP,HS12_VDZ_L_1
17_4,1.7078326,0,1,05-MNP,HS12_VDZ_L_1
48_4,1.9541692,1,1,05B-MNP_activated_inf,HS12_VDZ_L_1
81_4,0.53601676,0,0,05-MNP,HS12_VDZ_L_1
83_4,0.0,0,0,05-MNP,HS12_VDZ_L_1
108_4,0.60994357,0,0,05-MNP,HS12_VDZ_L_1
119_4,1.3651918,0,0,05-MNP,HS12_VDZ_L_1
140_4,2.2178009,1,1,05B-MNP_activated_inf,HS12_VDZ_L_1
179_4,2.594145,0,1,05-MNP,HS12_VDZ_L_1
210_4,1.1510279,0,0,05-MNP,HS12_VDZ_L_1
232_4,0.59007686,0,0,05-MNP,HS12_VDZ_L_1
269_4,0.60051906,0,0,05-MNP,HS12_VDZ_L_1
345_4,1.6988871,1,1,05B-MNP_activated_inf,HS12_VDZ_L_1
394_4,0.57607454,0,0,05-MNP,HS12_VDZ_L_1
418_4,1.2818826,0,0,05-MNP,HS12_VDZ_L_1
420_4,0.6549929,0,0,05-MNP,HS12_VDZ_L_1
461_4,0.6314641,0,0,05-MNP,HS12_VDZ_L_1
495_4,1.2115095,0,0,05-MNP,HS12_VDZ_L_1
507_4,1.2042433,0,0,05-MNP,HS12_VDZ_L_1
534_4,2.4365025,1,1,05B-MNP_activated_inf,HS12_VDZ_L_1
545_4,0.0,0,0,05-MNP,HS12_VDZ_L_1
572_4,0.6691359,0,0,05-MNP,HS12_VDZ_L_1
590_4,1.6795524,0,1,05-MNP,HS12_VDZ_L_1
616_4,1.5526009,1,1,05B-MNP_activated_inf,HS12_VDZ_L_1
623_4,0.71066713,0,0,05-MNP,HS12_VDZ_L_1
628_4,0.6178184,0,0,05-MNP,HS12_VDZ_L_1
652_4,0.0,0,0,05-MNP,HS12_VDZ_L_1
664_4,0.64170045,0,0,05-MNP,HS12_VDZ_L_1
675_4,0.6631977,0,0,05-MNP,HS12_VDZ_L_1
682_4,1.7434328,0,1,05-MNP,HS12_VDZ_L_1
700_4,0.686632,0,0,05-MNP,HS12_VDZ_L_1
702_4,0.5851244,1,0,05B-MNP_activated_inf,HS12_VDZ_L_1
707_4,0.0,0,0,05-MNP,HS12_VDZ_L_1
715_4,1.3534663,0,0,05-MNP,HS12_VDZ_L_1
743_4,1.2832578,1,0,05B-MNP_activated_inf,HS12_VDZ_L_1
746_4,0.57466704,0,0,05-MNP,HS12_VDZ_L_1
749_4,0.0,0,0,05-MNP,HS12_VDZ_L_1
752_4,1.3682367,0,0,05-MNP,HS12_VDZ_L_1
765_4,0.0,0,0,05-MNP,HS12_VDZ_L_1
797_4,0.0,0,0,05-MNP,HS12_VDZ_L_1
840_4,1.3491066,1,0,05B-MNP_activated_inf,HS12_VDZ_L_1
880_4,0.0,0,0,05-MNP,HS12_VDZ_L_1
886_4,0.5459122,0,0,05-MNP,HS12_VDZ_L_1
888_4,0.65162754,0,0,05-MNP,HS12_VDZ_L_1
917_4,0.6816606,0,0,05-MNP,HS12_VDZ_L_1
920_4,0.0,0,0,05-MNP,HS12_VDZ_L_1
941_4,0.0,0,0,05-MNP,HS12_VDZ_L_1
971_4,0.6968179,0,0,05-MNP,HS12_VDZ_L_1
977_4,2.6216986,1,1,05B-MNP_activated_inf,HS12_VDZ_L_1
1003_4,0.0,0,0,05-MNP,HS12_VDZ_L_1
1004_4,0.7529891,0,0,05-MNP,HS12_VDZ_L_1
1042_4,0.0,0,0,05-MNP,HS12_VDZ_L_1
1051_4,0.6270099,0,0,05-MNP,HS12_VDZ_L_1
1077_4,1.3055803,1,0,05B-MNP_activated_inf,HS12_VDZ_L_1
1138_4,0.6197875,0,0,05-MNP,HS12_VDZ_L_1
1146_4,0.7512227,0,0,05-MNP,HS12_VDZ_L_1
1179_4,1.3203204,0,0,05-MNP,HS12_VDZ_L_1
1237_4,0.0,0,0,05-MNP,HS12_VDZ_L_1
1295_4,1.9567102,1,1,05B-MNP_activated_inf,HS12_VDZ_L_1
1510_4,1.2184917,1,0,05B-MNP_activated_inf,HS12_VDZ_L_1
1563_4,0.6871231,1,0,05B-MNP_activated_inf,HS12_VDZ_L_1
1572_4,0.68896407,0,0,05-MNP,HS12_VDZ_L_1
1649_4,0.6308262,0,0,05-MNP,HS12_VDZ_L_1
1653_4,1.2178918,0,0,05-MNP,HS12_VDZ_L_1
1665_4,1.3319557,0,0,05-MNP,HS12_VDZ_L_1
1741_4,0.7400531,0,0,05-MNP,HS12_VDZ_L_1
1746_4,1.2110885,0,0,05-MNP,HS12_VDZ_L_1
1768_4,1.2301186,0,0,05-MNP,HS12_VDZ_L_1
1778_4,0.647254,0,0,05-MNP,HS12_VDZ_L_1
1800_4,0.66496575,0,0,05-MNP,HS12_VDZ_L_1
1805_4,0.0,0,0,05-MNP,HS12_VDZ_L_1
1809_4,1.9005977,1,1,05B-MNP_activated_inf,HS12_VDZ_L_1
1826_4,0.66387784,0,0,05-MNP,HS12_VDZ_L_1
1827_4,1.4438044,0,0,05-MNP,HS12_VDZ_L_1
1831_4,0.0,0,0,05-MNP,HS12_VDZ_L_1
1875_4,1.3173529,1,0,05B-MNP_activated_inf,HS12_VDZ_L_1
1877_4,0.0,0,0,05-MNP,HS12_VDZ_L_1
1884_4,0.0,0,0,05-MNP,HS12_VDZ_L_1
1919_4,0.71457684,0,0,05-MNP,HS12_VDZ_L_1
1926_4,0.0,0,0,05-MNP,HS12_VDZ_L_1
1966_4,0.0,0,0,05-MNP,HS12_VDZ_L_1
1969_4,0.0,0,0,05-MNP,HS12_VDZ_L_1
1981_4,2.0396464,1,1,05B-MNP_activated_inf,HS12_VDZ_L_1
1982_4,1.4413595,0,0,05-MNP,HS12_VDZ_L_1
1984_4,1.1492211,1,0,05B-MNP_activated_inf,HS12_VDZ_L_1
2007_4,0.0,0,0,05-MNP,HS12_VDZ_L_1
2019_4,0.6769119,0,0,05-MNP,HS12_VDZ_L_1
2091_4,0.5868657,0,0,05-MNP,HS12_VDZ_L_1
2116_4,0.654642,0,0,05-MNP,HS12_VDZ_L_1
2162_4,1.2653571,1,0,05B-MNP_activated_inf,HS12_VDZ_L_1
2165_4,0.80810434,0,0,05-MNP,HS12_VDZ_L_1
2185_4,0.0,0,0,05-MNP,HS12_VDZ_L_1
2186_4,1.3167628,1,0,05B-MNP_activated_inf,HS12_VDZ_L_1
2234_4,1.2546158,1,0,05B-MNP_activated_inf,HS12_VDZ_L_1
2349_4,1.9406891,0,1,05-MNP,HS12_VDZ_L_1
2393_4,1.2165339,0,0,05-MNP,HS12_VDZ_L_1
2412_4,1.3874804,0,0,05-MNP,HS12_VDZ_L_1
2431_4,0.5991653,0,0,05-MNP,HS12_VDZ_L_1
2433_4,1.3130156,1,0,05B-MNP_activated_inf,HS12_VDZ_L_1
2438_4,0.6359645,0,0,05-MNP,HS12_VDZ_L_1
2467_4,0.0,0,0,05-MNP,HS12_VDZ_L_1
2469_4,0.0,0,0,05-MNP,HS12_VDZ_L_1
2487_4,0.61740434,0,0,05-MNP,HS12_VDZ_L_1
2490_4,0.67419434,0,0,05-MNP,HS12_VDZ_L_1
2499_4,0.7266661,0,0,05-MNP,HS12_VDZ_L_1
2502_4,0.5674222,0,0,05-MNP,HS12_VDZ_L_1
2532_4,0.6055414,0,0,05-MNP,HS12_VDZ_L_1
2538_4,1.1659582,0,0,05-MNP,HS12_VDZ_L_1
2565_4,1.2452956,1,0,05B-MNP_activated_inf,HS12_VDZ_L_1
2566_4,0.0,0,0,05-MNP,HS12_VDZ_L_1
2586_4,0.6152024,0,0,05-MNP,HS12_VDZ_L_1
2628_4,0.6650956,0,0,05-MNP,HS12_VDZ_L_1
2630_4,0.0,0,0,05-MNP,HS12_VDZ_L_1
2652_4,0.0,0,0,05-MNP,HS12_VDZ_L_1
2700_4,0.0,0,0,05-MNP,HS12_VDZ_L_1
2704_4,1.4556701,1,0,05B-MNP_activated_inf,HS12_VDZ_L_1
2709_4,0.0,1,0,05B-MNP_activated_inf,HS12_VDZ_L_1
2732_4,0.7987596,0,0,05-MNP,HS12_VDZ_L_1
2739_4,0.627442,0,0,05-MNP,HS12_VDZ_L_1
2740_4,1.4249687,0,0,05-MNP,HS12_VDZ_L_1
2746_4,0.60189104,1,0,05B-MNP_activated_inf,HS12_VDZ_L_1
2756_4,2.1243484,1,1,05B-MNP_activated_inf,HS12_VDZ_L_1
2757_4,0.0,0,0,05-MNP,HS12_VDZ_L_1
2767_4,0.77755487,0,0,05-MNP,HS12_VDZ_L_1
2771_4,0.75849044,0,0,05-MNP,HS12_VDZ_L_1
2774_4,0.69218546,0,0,05-MNP,HS12_VDZ_L_1
2778_4,1.1993862,0,0,05-MNP,HS12_VDZ_L_1
2787_4,0.804596,0,0,05-MNP,HS12_VDZ_L_1
2791_4,0.0,0,0,05-MNP,HS12_VDZ_L_1
2799_4,0.0,0,0,05-MNP,HS12_VDZ_L_1
2802_4,0.0,0,0,05-MNP,HS12_VDZ_L_1
2822_4,1.397877,0,0,05-MNP,HS12_VDZ_L_1
2824_4,0.58488184,0,0,05-MNP,HS12_VDZ_L_1
2828_4,0.79656047,0,0,05-MNP,HS12_VDZ_L_1
2836_4,0.0,0,0,05-MNP,HS12_VDZ_L_1
2846_4,0.7514081,0,0,05-MNP,HS12_VDZ_L_1
2877_4,0.8097137,0,0,05-MNP,HS12_VDZ_L_1
2948_4,1.3049996,0,0,05-MNP,HS12_VDZ_L_1
2956_4,0.74589837,0,0,05-MNP,HS12_VDZ_L_1
3014_4,0.58588916,1,0,05B-MNP_activated_inf,HS12_VDZ_L_1
3030_4,0.7080943,0,0,05-MNP,HS12_VDZ_L_1
3041_4,1.3048078,0,0,05-MNP,HS12_VDZ_L_1
3046_4,0.587146,0,0,05-MNP,HS12_VDZ_L_1
3077_4,0.0,0,0,05-MNP,HS12_VDZ_L_1
3115_4,1.419171,0,0,05-MNP,HS12_VDZ_L_1
3127_4,0.70379925,0,0,05-MNP,HS12_VDZ_L_1
3160_4,1.316554,0,0,05-MNP,HS12_VDZ_L_1
3181_4,0.648623,0,0,05-MNP,HS12_VDZ_L_1
3197_4,0.7652689,0,0,05-MNP,HS12_VDZ_L_1
3198_4,0.7343808,0,0,05-MNP,HS12_VDZ_L_1
3249_4,1.2428577,1,0,05B-MNP_activated_inf,HS12_VDZ_L_1
3254_4,0.6201924,0,0,05-MNP,HS12_VDZ_L_1
3255_4,0.59258646,0,0,05-MNP,HS12_VDZ_L_1
3257_4,0.66089076,0,0,05-MNP,HS12_VDZ_L_1
3270_4,0.592212,0,0,05-MNP,HS12_VDZ_L_1
3277_4,0.0,0,0,05-MNP,HS12_VDZ_L_1
3294_4,0.0,0,0,05-MNP,HS12_VDZ_L_1
3348_4,0.0,0,0,05-MNP,HS12_VDZ_L_1
3358_4,0.7210864,0,0,05-MNP,HS12_VDZ_L_1
3369_4,0.0,0,0,05-MNP,HS12_VDZ_L_1
3402_4,0.65467185,0,0,05-MNP,HS12_VDZ_L_1
3407_4,0.0,0,0,05-MNP,HS12_VDZ_L_1
3413_4,1.8655825,0,1,05-MNP,HS12_VDZ_L_1
3431_4,1.3041521,0,0,05-MNP,HS12_VDZ_L_1
3438_4,0.6391149,0,0,05-MNP,HS12_VDZ_L_1
3443_4,1.3479196,0,0,05-MNP,HS12_VDZ_L_1
3449_4,1.2963312,0,0,05-MNP,HS12_VDZ_L_1
3454_4,1.4680995,0,0,05-MNP,HS12_VDZ_L_1
3548_4,1.2828618,0,0,05-MNP,HS12_VDZ_L_1
3582_4,0.0,0,0,05-MNP,HS12_VDZ_L_1
3605_4,0.6876984,0,0,05-MNP,HS12_VDZ_L_1
3622_4,1.8809615,1,1,05B-MNP_activated_inf,HS12_VDZ_L_1
3635_4,0.0,0,0,05-MNP,HS12_VDZ_L_1
3645_4,0.0,0,0,05-MNP,HS12_VDZ_L_1
3653_4,0.76444376,0,0,05-MNP,HS12_VDZ_L_1
3676_4,0.7282852,0,0,05-MNP,HS12_VDZ_L_1
3706_4,0.0,0,0,05-MNP,HS12_VDZ_L_1
3707_4,0.6811113,0,0,05-MNP,HS12_VDZ_L_1
3711_4,1.8585786,0,1,05-MNP,HS12_VDZ_L_1
3772_4,0.6654743,0,0,05-MNP,HS12_VDZ_L_1
3776_4,0.0,0,0,05-MNP,HS12_VDZ_L_1
3791_4,0.71814823,0,0,05-MNP,HS12_VDZ_L_1
3814_4,0.0,0,0,05-MNP,HS12_VDZ_L_1
3848_4,1.760504,0,1,05-MNP,HS12_VDZ_L_1
3849_4,0.70510954,0,0,05-MNP,HS12_VDZ_L_1
3852_4,0.7169498,0,0,05-MNP,HS12_VDZ_L_1
3856_4,0.0,0,0,05-MNP,HS12_VDZ_L_1
3857_4,0.775918,0,0,05-MNP,HS12_VDZ_L_1
3864_4,0.0,0,0,05-MNP,HS12_VDZ_L_1
3865_4,0.5413829,0,0,05-MNP,HS12_VDZ_L_1
3872_4,2.316377,0,1,05-MNP,HS12_VDZ_L_1
3877_4,0.0,0,0,05-MNP,HS12_VDZ_L_1
3884_4,0.5505084,0,0,05-MNP,HS12_VDZ_L_1
3903_4,0.7194757,0,0,05-MNP,HS12_VDZ_L_1
3924_4,0.0,0,0,05-MNP,HS12_VDZ_L_1
3953_4,0.0,0,0,05-MNP,HS12_VDZ_L_1
3966_4,0.0,0,0,05-MNP,HS12_VDZ_L_1
4004_4,0.0,0,0,05-MNP,HS12_VDZ_L_1
4014_4,1.1675549,0,0,05-MNP,HS12_VDZ_L_1
4050_4,0.69059324,0,0,05-MNP,HS12_VDZ_L_1
4052_4,0.0,0,0,05-MNP,HS12_VDZ_L_1
4053_4,0.0,0,0,05-MNP,HS12_VDZ_L_1
4136_4,1.4005902,0,0,05-MNP,HS12_VDZ_L_1
4145_4,1.2711402,1,0,05B-MNP_activated_inf,HS12_VDZ_L_1
4153_4,0.0,0,0,05-MNP,HS12_VDZ_L_1
4154_4,0.7075325,0,0,05-MNP,HS12_VDZ_L_1
4173_4,0.7708623,0,0,05-MNP,HS12_VDZ_L_1
4179_4,0.0,0,0,05-MNP,HS12_VDZ_L_1
4183_4,0.760703,1,0,05B-MNP_activated_inf,HS12_VDZ_L_1
4205_4,0.7410676,0,0,05-MNP,HS12_VDZ_L_1
4217_4,0.0,0,0,05-MNP,HS12_VDZ_L_1
4227_4,1.4211005,1,0,05B-MNP_activated_inf,HS12_VDZ_L_1
4228_4,1.9607351,0,1,05-MNP,HS12_VDZ_L_1
4232_4,0.0,0,0,05-MNP,HS12_VDZ_L_1
4243_4,1.2176476,0,0,05-MNP,HS12_VDZ_L_1
4254_4,1.84507,1,1,05B-MNP_activated_inf,HS12_VDZ_L_1
4309_4,0.6521351,0,0,05-MNP,HS12_VDZ_L_1
4318_4,0.5763436,0,0,05-MNP,HS12_VDZ_L_1
4340_4,0.0,0,0,05-MNP,HS12_VDZ_L_1
4411_4,2.0719054,0,1,05-MNP,HS12_VDZ_L_1
4440_4,0.74091387,0,0,05-MNP,HS12_VDZ_L_1
4459_4,0.6781933,0,0,05-MNP,HS12_VDZ_L_1
4518_4,0.66789865,0,0,05-MNP,HS12_VDZ_L_1
4539_4,1.7757093,1,1,05B-MNP_activated_inf,HS12_VDZ_L_1
4573_4,0.63489336,0,0,05-MNP,HS12_VDZ_L_1
4575_4,0.0,0,0,05-MNP,HS12_VDZ_L_1
4577_4,0.0,0,0,05-MNP,HS12_VDZ_L_1
4621_4,0.5500712,0,0,05-MNP,HS12_VDZ_L_1
4634_4,0.0,0,0,05-MNP,HS12_VDZ_L_1
4696_4,0.7140067,0,0,05-MNP,HS12_VDZ_L_1
4710_4,0.67676026,0,0,05-MNP,HS12_VDZ_L_1
4861_4,0.7374172,0,0,05-MNP,HS12_VDZ_L_1
4875_4,0.5878078,0,0,05-MNP,HS12_VDZ_L_1
4946_4,0.62998265,0,0,05-MNP,HS12_VDZ_L_1
5031_4,0.6109562,0,0,05-MNP,HS12_VDZ_L_1
5137_4,0.0,0,0,05-MNP,HS12_VDZ_L_1
5140_4,0.0,0,0,05-MNP,HS12_VDZ_L_1
5142_4,0.6445221,0,0,05-MNP,HS12_VDZ_L_1
